hectad,longitude,latitude,County,Id
B60,-8.623410033,54.84617485,Donegal,8
B61,-8.624797822,54.93599623,Donegal,8
B70,-8.467751898,54.84687371,Donegal,8
B71,-8.468793002,54.93669741,Donegal,8
B72,-8.469839911,55.02651975,Donegal,8
B73,-8.470892667,55.11634074,Donegal,8
B80,-8.312088002,54.84737305,Donegal,8
B81,-8.312782378,54.9371984,Donegal,8
B82,-8.313480626,55.02702241,Donegal,8
B83,-8.314182774,55.11684508,Donegal,8
B84,-8.314888853,55.20666641,Donegal,8
B90,-8.156420265,54.84767286,Donegal,8
B91,-8.156767883,54.9374992,Donegal,8
B92,-8.15711744,55.02732421,Donegal,8
B93,-8.15746895,55.11714788,Donegal,8
B94,-8.15782243,55.20697022,Donegal,8
C00,-8.000750603,54.84777312,Donegal,8
C01,-8.000751448,54.9375998,Donegal,8
C02,-8.0007523,55.02742514,Donegal,8
C03,-8.000753158,55.11724915,Donegal,8
C04,-8.000754023,55.20707182,Donegal,8
C10,-7.845080935,54.84767383,Donegal,8
C11,-7.844735008,54.93750018,Donegal,8
C12,-7.844387154,55.02732519,Donegal,8
C13,-7.84403736,55.11714887,Donegal,8
C14,-7.843685609,55.20697121,Donegal,8
C20,-7.689413178,54.847375,Donegal,8
C21,-7.688720494,54.93720036,Donegal,8
C22,-7.68802395,55.02702438,Donegal,8
C23,-7.687323517,55.11684705,Donegal,8
C24,-7.686619167,55.20666839,Donegal,8
C30,-7.533749253,54.84687663,Donegal,8
C31,-7.532709839,54.93670034,Donegal,8
C32,-7.531664634,55.0265227,Donegal,8
C33,-7.530613593,55.11634371,Donegal,8
C34,-7.529556672,55.20616337,Donegal,8
C35,-7.528493826,55.29598169,Donegal,8
C40,-7.378091075,54.84617874,Tyrone,28
C41,-7.376704976,54.93600013,Derry,7
C42,-7.375311153,55.02582017,Derry,7
C43,-7.373909549,55.11563884,Donegal,8
C44,-7.372500103,55.20545616,Donegal,8
C45,-7.371082755,55.29527212,Donegal,8
C50,-7.222440562,54.84528135,Tyrone,28
C51,-7.220707836,54.93509976,Derry,7
C52,-7.218965455,55.02491681,Donegal,8
C53,-7.217213346,55.11473248,Donegal,8
C54,-7.215451435,55.20454678,Donegal,8
C55,-7.213679646,55.29435971,Donegal,8
C60,-7.066799631,54.84418448,Derry,7
C61,-7.06472035,54.93399925,Derry,7
C62,-7.062629484,55.02381264,Derry,7
C63,-7.060526945,55.11362464,Donegal,8
C64,-7.058412644,55.20343526,Donegal,8
C70,-6.911170198,54.84288815,Derry,7
C71,-6.90874445,54.93269863,Derry,7
C72,-6.906305187,55.0225077,Derry,7
C73,-6.903852306,55.11231536,Derry,7
C80,-6.755554178,54.84139242,Derry,7
C81,-6.752782064,54.93119793,Derry,7
C82,-6.749994507,55.02100202,Derry,7
C83,-6.747191389,55.11080468,Derry,7
C84,-6.744372592,55.20060591,Antrim,1
C90,-6.599953485,54.8396973,Derry,7
C91,-6.596835122,54.9294972,Derry,7
C92,-6.593699388,55.01929564,Derry,7
C93,-6.590546151,55.10909262,Derry,7
C94,-6.587375278,55.19888816,Antrim,1
D00,-6.444370032,54.83780286,Antrim,1
D01,-6.44090555,54.92759647,Antrim,1
D02,-6.437421771,55.0173886,Antrim,1
D03,-6.433918548,55.10717925,Antrim,1
D04,-6.430395734,55.19696842,Antrim,1
D05,-6.426853179,55.2867561,Antrim,1
D10,-6.288805731,54.83570914,Antrim,1
D11,-6.284995275,54.92549581,Antrim,1
D12,-6.281163597,55.01528097,Antrim,1
D13,-6.277310537,55.10506461,Antrim,1
D14,-6.273435932,55.19484674,Antrim,1
D15,-6.269539617,55.28462736,Antrim,1
D20,-6.133262491,54.8334162,Antrim,1
D21,-6.12910622,54.92319527,Antrim,1
D22,-6.124926806,55.01297279,Antrim,1
D23,-6.120724071,55.10274876,Antrim,1
D24,-6.116497839,55.19252319,Antrim,1
D30,-5.977742221,54.8309241,Antrim,1
D31,-5.97324031,54.9206949,Antrim,1
D32,-5.968713334,55.01046413,Antrim,1
D40,-5.822246827,54.8282329,Antrim,1
F50,-10.28432223,53.92771431,Mayo,21
F51,-10.28923898,54.01748316,Mayo,21
F52,-10.29418256,54.10725036,Mayo,21
F60,-10.13220393,53.93051193,Mayo,21
F61,-10.13679383,54.02028996,Mayo,21
F62,-10.14140879,54.11006636,Mayo,21
F63,-10.14604899,54.19984115,Mayo,21
F64,-10.15071463,54.28961432,Mayo,21
F70,-9.980060744,53.93311696,Mayo,21
F71,-9.984323619,54.02290353,Mayo,21
F72,-9.988609771,54.11268852,Mayo,21
F73,-9.992919371,54.20247192,Mayo,21
F74,-9.997252594,54.29225375,Mayo,21
F80,-9.827894455,53.93552932,Mayo,21
F81,-9.831830134,54.02532381,Mayo,21
F82,-9.835787305,54.11511675,Mayo,21
F83,-9.839766129,54.20490814,Mayo,21
F84,-9.843766765,54.29469798,Mayo,21
F90,-9.675706832,53.93774897,Mayo,21
F91,-9.679315156,54.02755074,Mayo,21
F92,-9.682943189,54.11735099,Mayo,21
F93,-9.686591075,54.20714972,Mayo,21
F94,-9.690258962,54.29694694,Mayo,21
G00,-9.523499644,53.93977584,Mayo,21
G01,-9.526780471,54.02958425,Mayo,21
G02,-9.530079218,54.11939119,Mayo,21
G03,-9.53339602,54.20919663,Mayo,21
G04,-9.536731009,54.29900059,Mayo,21
G10,-9.371274667,53.94160987,Mayo,21
G11,-9.374227864,54.03142431,Mayo,21
G12,-9.377197194,54.12123728,Mayo,21
G13,-9.380182777,54.2110488,Mayo,21
G14,-9.383184734,54.30085885,Mayo,21
G20,-9.219033675,53.94325102,Mayo,21
G21,-9.221659123,54.03307085,Mayo,21
G22,-9.224298917,54.12288923,Mayo,21
G23,-9.226953161,54.21270618,Mayo,21
G30,-9.066778443,53.94469926,Mayo,21
G31,-9.069076039,54.03452383,Mayo,21
G32,-9.071386189,54.12434699,Mayo,21
G33,-9.073708987,54.21416874,Sligo,26
G40,-8.914510748,53.94595453,Mayo,21
G41,-8.916480399,54.03578323,Sligo,26
G42,-8.918460814,54.12561053,Sligo,26
G43,-8.920452073,54.21543642,Sligo,26
G48,-8.930573858,54.66454498,Donegal,8
G50,-8.762232369,53.94701681,Mayo,21
G51,-8.763873997,54.036849,Sligo,26
G52,-8.765524596,54.1266798,Sligo,26
G53,-8.767184234,54.21650921,Sligo,26
G54,-8.768852977,54.30633725,Sligo,26
G55,-8.770530893,54.3961639,Sligo,26
G57,-8.77391452,54.57581307,Donegal,8
G58,-8.775620368,54.66563558,Donegal,8
G59,-8.777335668,54.75545672,Donegal,8
G60,-8.609945084,53.94788607,Mayo,21
G61,-8.611258622,54.03772111,Sligo,26
G62,-8.61257934,54.12755478,Sligo,26
G63,-8.61390729,54.21738707,Sligo,26
G64,-8.615242527,54.307218,Sligo,26
G65,-8.616585104,54.39704755,Sligo,26
G67,-8.619292499,54.57670257,Donegal,8
G68,-8.620657428,54.66652802,Donegal,8
G69,-8.622029921,54.75635212,Donegal,8
G70,-8.457650672,53.94856229,Sligo,26
G71,-8.458636068,54.03839955,Sligo,26
G72,-8.459626851,54.12823544,Sligo,26
G73,-8.46062306,54.21806998,Sligo,26
G74,-8.461624736,54.30790315,Sligo,26
G75,-8.462631919,54.39773497,Sligo,26
G77,-8.464662972,54.57739453,Donegal,8
G78,-8.465686926,54.66722228,Donegal,8
G79,-8.466716553,54.75704867,Donegal,8
G80,-8.305350913,53.94904544,Roscommon,25
G81,-8.306008128,54.03888429,Sligo,26
G82,-8.306668936,54.12872178,Sligo,26
G83,-8.307333364,54.21855792,Leitrim,17
G84,-8.308001438,54.3083927,Leitrim,17
G85,-8.308673187,54.39822613,Leitrim,17
G86,-8.309348636,54.48805821,Donegal,8
G87,-8.310027814,54.57788894,Donegal,8
G88,-8.310710749,54.66771832,Donegal,8
G89,-8.311397469,54.75754636,Donegal,8
G90,-8.153047587,53.94933553,Roscommon,25
G91,-8.153376594,54.03917533,Roscommon,25
G92,-8.153707401,54.12901378,Leitrim,17
G93,-8.154040021,54.21885087,Leitrim,17
G94,-8.154374467,54.30868662,Leitrim,17
G95,-8.154710753,54.39852102,Leitrim,17
G96,-8.155048892,54.48835407,Donegal,8
G97,-8.155388899,54.57818578,Donegal,8
G98,-8.155730787,54.66801615,Donegal,8
G99,-8.156074571,54.75784517,Donegal,8
H00,-8.000742475,53.94943253,Leitrim,17
H01,-8.000743262,54.03927265,Leitrim,17
H02,-8.000744054,54.12911142,Leitrim,17
H03,-8.000744852,54.21894884,Cavan,4
H04,-8.000745655,54.30878491,Leitrim,17
H05,-8.000746465,54.39861963,Fermanagh,11
H06,-8.000747281,54.48845302,Donegal,8
H07,-8.000748102,54.57828505,Donegal,8
H08,-8.00074893,54.66811575,Donegal,8
H09,-8.000749763,54.7579451,Donegal,8
H10,-7.848437358,53.94933645,Leitrim,17
H11,-7.848109923,54.03917626,Leitrim,17
H12,-7.847780701,54.12901471,Cavan,4
H13,-7.847449677,54.21885181,Fermanagh,11
H14,-7.847116838,54.30868756,Fermanagh,11
H15,-7.846782172,54.39852197,Fermanagh,11
H16,-7.846445663,54.48835503,Fermanagh,11
H17,-7.846107299,54.57818674,Donegal,8
H18,-7.845767066,54.66801711,Tyrone,28
H19,-7.845424949,54.75784614,Donegal,8
H20,-7.696134015,53.94904729,Leitrim,17
H21,-7.695478373,54.03888615,Leitrim,17
H22,-7.694819148,54.12872365,Cavan,4
H23,-7.694156316,54.21855979,Fermanagh,11
H24,-7.693489849,54.30839459,Fermanagh,11
H25,-7.69281972,54.39822803,Fermanagh,11
H26,-7.692145902,54.48806012,Fermanagh,11
H27,-7.691468366,54.57789086,Fermanagh,11
H28,-7.690787086,54.66772025,Tyrone,28
H29,-7.690102033,54.7575483,Donegal,8
H30,-7.543834228,53.94856506,Cavan,4
H31,-7.542850404,54.03840233,Cavan,4
H32,-7.541861205,54.12823825,Cavan,4
H33,-7.540866591,54.21807279,Fermanagh,11
H34,-7.539866522,54.30790598,Fermanagh,11
H35,-7.538860958,54.39773781,Fermanagh,11
H36,-7.537849857,54.48756829,Tyrone,28
H37,-7.536833178,54.5773974,Tyrone,28
H38,-7.535810879,54.66722517,Tyrone,28
H39,-7.534782918,54.75705157,Tyrone,28
H40,-7.391539776,53.94788977,Cavan,4
H41,-7.39022781,54.03772483,Cavan,4
H42,-7.388908675,54.12755851,Fermanagh,11
H43,-7.38758232,54.21739083,Fermanagh,11
H44,-7.38624869,54.30722177,Fermanagh,11
H45,-7.384907732,54.39705135,Fermanagh,11
H46,-7.38355939,54.48687955,Tyrone,28
H47,-7.382203609,54.5767064,Tyrone,28
H48,-7.380840334,54.66653188,Tyrone,28
H49,-7.379469508,54.75635599,Tyrone,28
H50,-7.239252439,53.94702143,Cavan,4
H51,-7.237612383,54.03685364,Cavan,4
H52,-7.235963367,54.12668446,Monaghan,23
H53,-7.234305324,54.2165139,Fermanagh,11
H54,-7.232638187,54.30634196,Monaghan,23
H55,-7.230961889,54.39616864,Tyrone,28
H56,-7.229276362,54.48599394,Tyrone,28
H57,-7.227581535,54.57581786,Tyrone,28
H58,-7.22587734,54.6656404,Tyrone,28
H59,-7.224163706,54.75546156,Tyrone,28
H60,-7.086973998,53.94596007,Cavan,4
H61,-7.085005918,54.0357888,Cavan,4
H62,-7.083027086,54.12561613,Monaghan,23
H63,-7.081037422,54.21544206,Monaghan,23
H64,-7.079036846,54.30526659,Monaghan,23
H65,-7.077025276,54.39508972,Monaghan,23
H66,-7.075002632,54.48491146,Tyrone,28
H67,-7.072968829,54.5747318,Tyrone,28
H68,-7.070923785,54.66455075,Tyrone,28
H69,-7.068867414,54.75436831,Tyrone,28
H70,-6.934706229,53.94470573,Cavan,4
H71,-6.932410204,54.03453034,Monaghan,23
H72,-6.930101636,54.12435353,Monaghan,23
H73,-6.927780431,54.21417531,Monaghan,23
H74,-6.925446497,54.30399567,Monaghan,23
H75,-6.923099739,54.39381461,Tyrone,28
H76,-6.92074006,54.48363214,Tyrone,28
H77,-6.918367365,54.57344826,Tyrone,28
H78,-6.915981555,54.66326297,Tyrone,28
H79,-6.913582533,54.75307627,Derry,7
H80,-6.782450912,53.94325842,Monaghan,23
H81,-6.779827033,54.03307828,Monaghan,23
H82,-6.777188821,54.1228967,Monaghan,23
H83,-6.77453617,54.21271369,Armagh,2
H84,-6.771868973,54.30252924,Armagh,2
H85,-6.769187121,54.39234335,Armagh,2
H86,-6.766490505,54.48215603,Tyrone,28
H87,-6.763779015,54.57196728,Tyrone,28
H88,-6.761052539,54.66177709,Tyrone,28
H89,-6.758310965,54.75158547,Derry,7
H90,-6.630209823,53.94161818,Louth,20
H91,-6.627258196,54.03143266,Monaghan,23
H92,-6.624290446,54.12124568,Armagh,2
H93,-6.621306456,54.21105724,Armagh,2
H94,-6.618306103,54.30086734,Armagh,2
H95,-6.615289267,54.39067598,Armagh,2
H96,-6.612255824,54.48048316,Armagh,2
H97,-6.60920565,54.57028888,Tyrone,28
H98,-6.606138621,54.66009314,Derry,7
H99,-6.603054608,54.74989595,Derry,7
J00,-6.477984737,53.93978507,Louth,20
J01,-6.47470548,54.02959354,Louth,20
J02,-6.471408313,54.11940052,Armagh,2
J03,-6.468093103,54.20920601,Armagh,2
J04,-6.464759716,54.29901002,Armagh,2
J05,-6.461408019,54.38881254,Armagh,2
J06,-6.458037873,54.47861357,Armagh,2
J07,-6.454649142,54.56841312,Tyrone,28
J08,-6.451241685,54.65821118,Tyrone,28
J09,-6.447815363,54.74800776,Antrim,1
J10,-6.325777431,53.93775913,Louth,20
J11,-6.322170674,54.02756095,Louth,20
J12,-6.318544221,54.11736125,Armagh,2
J13,-6.314897926,54.20716004,Down,9
J14,-6.311231641,54.29695731,Down,9
J15,-6.307545219,54.38675307,Down,9
J16,-6.303838508,54.47654732,Down,9
J17,-6.300111358,54.56634004,Antrim,1
J18,-6.296363615,54.65613126,Antrim,1
J19,-6.292595125,54.74592096,Antrim,1
J20,-6.173589676,53.93554041,Louth,20
J21,-6.169655565,54.02533495,Louth,20
J22,-6.165699971,54.11512794,Down,9
J23,-6.161722738,54.20491939,Down,9
J24,-6.157723704,54.29470929,Down,9
J25,-6.153702706,54.38449764,Down,9
J26,-6.149659583,54.47428445,Down,9
J27,-6.145594167,54.56406971,Antrim,1
J28,-6.141506293,54.65385342,Antrim,1
J29,-6.137395791,54.74363558,Antrim,1
J31,-6.017161936,54.02291559,Down,9
J32,-6.012877362,54.11270064,Down,9
J33,-6.008569351,54.20248411,Down,9
J34,-6.004237728,54.292266,Down,9
J35,-5.99988232,54.38204631,Down,9
J36,-5.995502949,54.47182503,Down,9
J37,-5.991099435,54.56160217,Antrim,1
J38,-5.986671597,54.65137773,Antrim,1
J39,-5.982219254,54.74115171,Antrim,1
J43,-5.855439574,54.19985428,Down,9
J44,-5.850775539,54.28962751,Down,9
J45,-5.846085897,54.37939913,Down,9
J46,-5.841370457,54.46916913,Down,9
J47,-5.836629025,54.5589375,Down,9
J48,-5.831861408,54.64870426,Antrim,1
J49,-5.827067408,54.73846939,Antrim,1
J53,-5.702335215,54.19702995,Down,9
J54,-5.697338957,54.2867939,Down,9
J55,-5.692315272,54.37655618,Down,9
J56,-5.687263955,54.46631681,Down,9
J57,-5.682184801,54.55607577,Down,9
J58,-5.6770776,54.64583308,Down,9
J64,-5.543929802,54.28376522,Down,9
J65,-5.538572278,54.37351754,Down,9
J66,-5.533185292,54.46326815,Down,9
J67,-5.527768623,54.55301706,Down,9
J68,-5.522322049,54.64276426,Down,9
L46,-10.41572234,53.56567102,Galway,12
L54,-10.25537451,53.38906645,Galway,12
L55,-10.26013428,53.47884523,Galway,12
L56,-10.26491974,53.56862235,Galway,12
L63,-10.10076107,53.30202049,Galway,12
L64,-10.1051806,53.39180983,Galway,12
L65,-10.10962394,53.48159755,Galway,12
L66,-10.11409126,53.57138366,Galway,12
L67,-10.11858275,53.66116815,Mayo,21
L68,-10.12309857,53.75095103,Mayo,21
L69,-10.1276389,53.84073229,Mayo,21
L71,-9.94271475,53.12496671,Galway,12
L72,-9.946775604,53.2147675,Galway,12
L73,-9.95085826,53.30456671,Galway,12
L74,-9.954962876,53.39436434,Galway,12
L75,-9.959089611,53.48416039,Galway,12
L76,-9.963238625,53.57395487,Galway,12
L77,-9.967410081,53.66374776,Mayo,21
L78,-9.971604143,53.75353907,Mayo,21
L79,-9.975820974,53.8433288,Mayo,21
L80,-9.789685935,53.03749939,Galway,12
L81,-9.793415084,53.12730935,Galway,12
L82,-9.797164221,53.21711775,Galway,12
L83,-9.80093349,53.30692461,Galway,12
L84,-9.804723036,53.39672993,Galway,12
L85,-9.808533006,53.48653369,Galway,12
L86,-9.812363548,53.57633591,Galway,12
L87,-9.816214812,53.66613659,Mayo,21
L88,-9.820086949,53.75593571,Mayo,21
L89,-9.823980112,53.84573329,Mayo,21
L90,-9.640676481,53.03964788,Galway,12
L92,-9.647532706,53.21928024,Galway,12
L93,-9.650988443,53.30909414,Galway,12
L94,-9.654462772,53.39890652,Galway,12
L95,-9.657955829,53.48871739,Galway,12
L96,-9.661467749,53.57852674,Galway,12
L97,-9.66499867,53.66833457,Mayo,21
L98,-9.668548731,53.75814089,Mayo,21
L99,-9.672118071,53.84794569,Mayo,21
M00,-9.49164883,53.04160977,Clare,5
M02,-9.497882733,53.2212549,Galway,12
M03,-9.501024803,53.31107523,Galway,12
M04,-9.504183781,53.40089407,Galway,12
M05,-9.507359789,53.49071142,Galway,12
M06,-9.51055295,53.58052728,Mayo,21
M07,-9.513763389,53.67034165,Mayo,21
M08,-9.516991233,53.76015454,Mayo,21
M09,-9.520236609,53.84996593,Mayo,21
M10,-9.342604632,53.043385,Clare,5
M11,-9.345402801,53.13321408,Clare,5
M12,-9.348215973,53.22304169,Galway,12
M13,-9.351044256,53.31286784,Galway,12
M14,-9.35388776,53.40269253,Galway,12
M15,-9.356746595,53.49251574,Galway,12
M16,-9.359620872,53.5823375,Mayo,21
M17,-9.362510704,53.67215778,Mayo,21
M18,-9.365416204,53.76197661,Mayo,21
M19,-9.368337486,53.85179397,Mayo,21
M20,-9.193545538,53.04497352,Clare,5
M21,-9.19603315,53.13480777,Clare,5
M22,-9.198534102,53.22464057,Galway,12
M23,-9.201048489,53.31447193,Galway,12
M24,-9.203576409,53.40430184,Galway,12
M25,-9.20611796,53.49413031,Mayo,21
M26,-9.208673241,53.58395733,Mayo,21
M27,-9.211242351,53.67378292,Mayo,21
M28,-9.213825392,53.76360706,Mayo,21
M29,-9.216422465,53.85342976,Mayo,21
M30,-9.044473199,53.04637531,Clare,5
M31,-9.04665016,53.13621412,Clare,5
M32,-9.048838795,53.22605149,Galway,12
M33,-9.051039189,53.31588744,Galway,12
M34,-9.053251427,53.40572197,Galway,12
M35,-9.055475595,53.49555507,Galway,12
M36,-9.057711779,53.58538675,Mayo,21
M37,-9.059960067,53.67521701,Mayo,21
M38,-9.062220548,53.76504585,Mayo,21
M39,-9.064493309,53.85487326,Mayo,21
M40,-8.89538927,53.04759033,Galway,12
M41,-8.897255495,53.13743308,Galway,12
M42,-8.89913173,53.22727442,Galway,12
M43,-8.901018046,53.31711436,Galway,12
M44,-8.902914516,53.40695288,Galway,12
M45,-8.904821214,53.49679,Galway,12
M46,-8.906738214,53.58662572,Galway,12
M47,-8.908665592,53.67646003,Mayo,21
M48,-8.910603422,53.76629293,Mayo,21
M49,-8.912551782,53.85612443,Mayo,21
M50,-8.746295402,53.04861853,Galway,12
M51,-8.747850821,53.13846463,Galway,12
M52,-8.749414583,53.22830933,Galway,12
M53,-8.750986748,53.31815264,Galway,12
M54,-8.752567377,53.40799455,Galway,12
M55,-8.754156531,53.49783507,Galway,12
M56,-8.755754272,53.5876742,Galway,12
M57,-8.757360663,53.67751193,Roscommon,25
M58,-8.758975767,53.76734828,Mayo,21
M59,-8.760599647,53.85718324,Mayo,21
M60,-8.597193251,53.04945991,Galway,12
M61,-8.598437804,53.13930874,Galway,12
M62,-8.599689033,53.22915619,Galway,12
M63,-8.600946986,53.31900226,Galway,12
M64,-8.602211712,53.40884694,Galway,12
M65,-8.603483261,53.49869024,Galway,12
M66,-8.604761681,53.58853216,Galway,12
M67,-8.606047022,53.6783727,Galway,12
M68,-8.607339335,53.76821187,Roscommon,25
M69,-8.608638672,53.85804966,Roscommon,25
M70,-8.448084472,53.05011443,Galway,12
M71,-8.449018111,53.13996539,Galway,12
M72,-8.449956759,53.22981498,Galway,12
M73,-8.450900452,53.31966319,Galway,12
M74,-8.451849226,53.40951003,Galway,12
M75,-8.452803119,53.4993555,Galway,12
M76,-8.453762167,53.58919959,Galway,12
M77,-8.454726409,53.67904232,Galway,12
M78,-8.455695881,53.76888367,Roscommon,25
M79,-8.456670622,53.85872366,Roscommon,25
M80,-8.298970719,53.05058209,Galway,12
M81,-8.299593409,53.14043457,Galway,12
M82,-8.30021944,53.23028568,Galway,12
M83,-8.300848836,53.32013543,Galway,12
M84,-8.301481622,53.40998381,Galway,12
M85,-8.302117822,53.49983082,Galway,12
M86,-8.302757461,53.58967647,Roscommon,25
M87,-8.303400564,53.67952075,Roscommon,25
M88,-8.304047157,53.76936368,Roscommon,25
M89,-8.304697265,53.85920524,Roscommon,25
M90,-8.149853649,53.05086286,Tipperary,27
M91,-8.150165366,53.14071625,Tipperary,27
M92,-8.150478755,53.23056829,Galway,12
M93,-8.150793831,53.32041895,Roscommon,25
M94,-8.151110603,53.41026826,Roscommon,25
M95,-8.151429086,53.5001162,Roscommon,25
M96,-8.151749291,53.58996278,Roscommon,25
M97,-8.152071231,53.679808,Roscommon,25
M98,-8.152394918,53.76965187,Roscommon,25
M99,-8.152720366,53.85949437,Roscommon,25
N00,-8.000734918,53.05095674,Tipperary,27
N01,-8.000735649,53.14081045,Offaly,24
N02,-8.000736386,53.23066278,Galway,12
N03,-8.000737128,53.32051376,Offaly,24
N04,-8.000737875,53.41036337,Roscommon,25
N05,-8.000738628,53.50021163,Roscommon,25
N06,-8.000739386,53.59005852,Longford,19
N07,-8.00074015,53.67990406,Roscommon,25
N08,-8.000740919,53.76974824,Roscommon,25
N09,-8.000741695,53.85959106,Roscommon,25
N10,-7.851616181,53.05086374,Offaly,24
N11,-7.851305927,53.14071714,Offaly,24
N12,-7.850994011,53.23056917,Offaly,24
N13,-7.850680419,53.32041984,Offaly,24
N14,-7.850365141,53.41026915,Westmeath,30
N15,-7.850048164,53.5001171,Westmeath,30
N16,-7.849729476,53.58996369,Longford,19
N17,-7.849409063,53.67980891,Longford,19
N18,-7.849086915,53.76965278,Longford,19
N19,-7.848763017,53.85949529,Leitrim,17
N20,-7.702499096,53.05058384,Offaly,24
N21,-7.701877868,53.14043633,Offaly,24
N22,-7.70125331,53.23028746,Offaly,24
N23,-7.700625398,53.32013721,Offaly,24
N24,-7.699994106,53.4099856,Westmeath,30
N25,-7.699359412,53.49983262,Westmeath,30
N26,-7.698721289,53.58967828,Longford,19
N27,-7.698079713,53.67952257,Longford,19
N28,-7.697434659,53.76936551,Longford,19
N29,-7.696786102,53.85920708,Longford,19
N30,-7.553385316,53.05011707,Laois,16
N31,-7.552453139,53.13996804,Laois,16
N32,-7.551515964,53.22981764,Offaly,24
N33,-7.550573755,53.31966587,Offaly,24
N34,-7.549626475,53.40951272,Westmeath,30
N35,-7.548674087,53.4993582,Westmeath,30
N36,-7.547716555,53.58920231,Westmeath,30
N37,-7.546753841,53.67904505,Longford,19
N38,-7.545785908,53.76888642,Longford,19
N39,-7.544812716,53.85872642,Cavan,4
N40,-7.4042765,53.04946342,Laois,16
N41,-7.403033409,53.13931227,Laois,16
N42,-7.401783652,53.22915974,Offaly,24
N43,-7.400527182,53.31900582,Offaly,24
N44,-7.39926395,53.40885052,Westmeath,30
N45,-7.397993907,53.49869384,Westmeath,30
N46,-7.396717003,53.58853578,Westmeath,30
N47,-7.395433189,53.67837634,Westmeath,30
N48,-7.394142414,53.76821553,Westmeath,30
N49,-7.392844626,53.85805333,Cavan,4
N50,-7.255174301,53.04862292,Laois,16
N51,-7.253620344,53.13846904,Offaly,24
N52,-7.252058054,53.22831377,Offaly,24
N53,-7.250487372,53.3181571,Offaly,24
N54,-7.248908237,53.40799903,Westmeath,30
N55,-7.247320588,53.49783957,Westmeath,30
N56,-7.245724362,53.58767872,Westmeath,30
N57,-7.244119498,53.67751648,Westmeath,30
N58,-7.242505932,53.76735285,Meath,22
N59,-7.2408836,53.85718784,Cavan,4
N60,-7.106080375,53.04759559,Laois,16
N61,-7.104215611,53.13743837,Laois,16
N62,-7.102340848,53.22727975,Offaly,24
N63,-7.100456015,53.31711971,Offaly,24
N64,-7.098561038,53.40695826,Meath,22
N65,-7.096655844,53.49679541,Westmeath,30
N66,-7.094740359,53.58663115,Westmeath,30
N67,-7.092814508,53.67646549,Meath,22
N68,-7.090878215,53.76629842,Meath,22
N69,-7.088931404,53.85612995,Cavan,4
N70,-6.956996377,53.04638146,Kildare,14
N71,-6.954820877,53.13622029,Kildare,14
N72,-6.952633713,53.2260577,Kildare,14
N73,-6.950434801,53.31589369,Kildare,14
N74,-6.948224056,53.40572824,Kildare,14
N75,-6.946001392,53.49556138,Meath,22
N76,-6.943766722,53.58539309,Meath,22
N77,-6.94151996,53.67522338,Meath,22
N78,-6.939261017,53.76505225,Meath,22
N79,-6.936989803,53.8548797,Meath,22
N80,-6.807923959,53.04498055,Kildare,14
N81,-6.805437807,53.13481483,Kildare,14
N82,-6.802938326,53.22464767,Kildare,14
N83,-6.80042542,53.31447906,Kildare,14
N84,-6.797898992,53.40430901,Kildare,14
N85,-6.795358944,53.49413751,Meath,22
N86,-6.792805178,53.58396458,Meath,22
N87,-6.790237593,53.6737902,Meath,22
N88,-6.787656088,53.76361438,Meath,22
N89,-6.785060562,53.85343712,Meath,22
N90,-6.658864774,53.04339289,Wicklow,32
N91,-6.656068065,53.13322202,Kildare,14
N92,-6.653256363,53.22304967,Kildare,14
N93,-6.65042956,53.31287586,Kildare,14
N94,-6.647587548,53.40270059,Meath,22
N95,-6.644730216,53.49252385,Meath,22
N96,-6.641857452,53.58234564,Meath,22
N97,-6.638969145,53.67216597,Meath,22
N98,-6.636065181,53.76198484,Meath,22
N99,-6.633145445,53.85180224,Meath,22
O00,-6.509820476,53.04161854,Wicklow,32
O01,-6.506713316,53.1314419,Wicklow,32
O02,-6.503589501,53.22126377,Kildare,14
O03,-6.500448911,53.31108414,Dublin,10
O04,-6.497291424,53.40090303,Meath,22
O05,-6.494116918,53.49072042,Meath,22
O06,-6.49092527,53.58053633,Meath,22
O07,-6.487716354,53.67035075,Meath,22
O08,-6.484490045,53.76016368,Meath,22
O09,-6.481246216,53.84997512,Louth,20
O10,-6.360792714,53.03965753,Wicklow,32
O11,-6.357375223,53.12947452,Wicklow,32
O12,-6.353939415,53.21928999,Dublin,10
O13,-6.350485158,53.30910394,Dublin,10
O14,-6.347012318,53.39891637,Dublin,10
O15,-6.343520763,53.48872729,Dublin,10
O16,-6.340010354,53.57853669,Meath,22
O17,-6.336480956,53.66834458,Meath,22
O18,-6.33293243,53.75815094,Louth,20
O19,-6.329364635,53.84795579,Louth,20
O20,-6.211783138,53.03750992,Wicklow,32
O21,-6.208055446,53.12731993,Wicklow,32
O22,-6.204307777,53.21712839,Dublin,10
O23,-6.200539986,53.3069353,Dublin,10
O24,-6.196751929,53.39674067,Dublin,10
O25,-6.192943459,53.4865445,Dublin,10
O26,-6.189114428,53.57634677,Dublin,10
O30,-6.062793396,53.03517575,Wicklow,32
O31,-6.058755646,53.12497818,Wicklow,32
O33,-6.050615081,53.30457829,Dublin,10
O35,-6.042386717,53.4841721,Dublin,10
Q20,-10.62899842,52.12304225,Kerry,13
Q30,-10.48313615,52.12620536,Kerry,13
Q31,-10.48814202,52.21598855,Kerry,13
Q40,-10.33724773,52.12918815,Kerry,13
Q41,-10.34196013,52.21898095,Kerry,13
Q50,-10.19133468,52.13199056,Kerry,13
Q51,-10.19575343,52.22179238,Kerry,13
Q60,-10.04539854,52.13461251,Kerry,13
Q61,-10.04952348,52.22442278,Kerry,13
Q63,-10.05783866,52.40403849,Kerry,13
Q64,-10.0620292,52.49384394,Clare,5
Q70,-9.899440837,52.13705395,Kerry,13
Q71,-9.903271821,52.22687208,Kerry,13
Q72,-9.907122973,52.31668864,Kerry,13
Q73,-9.910994436,52.40650362,Kerry,13
Q74,-9.914886352,52.49631702,Clare,5
Q75,-9.918798866,52.58612885,Clare,5
Q80,-9.753463104,52.1393148,Kerry,13
Q81,-9.756999989,52.22914022,Kerry,13
Q82,-9.760555496,52.31896409,Kerry,13
Q83,-9.764129757,52.40878641,Kerry,13
Q84,-9.767722904,52.49860719,Clare,5
Q85,-9.77133507,52.58842643,Clare,5
Q86,-9.774966389,52.67824411,Clare,5
Q90,-9.607466878,52.14139503,Kerry,13
Q91,-9.610709534,52.23122715,Kerry,13
Q92,-9.613969265,52.32105775,Kerry,13
Q93,-9.617246193,52.41088683,Kerry,13
Q94,-9.620540438,52.50071439,Kerry,13
Q95,-9.623852121,52.59054044,Clare,5
Q96,-9.627181367,52.68036496,Clare,5
Q97,-9.6305283,52.77018797,Clare,5
R00,-9.461453694,52.14329456,Kerry,13
R01,-9.464402003,52.23313281,Kerry,13
R02,-9.467365839,52.32296955,Kerry,13
R03,-9.470345312,52.41280481,Kerry,13
R04,-9.473340532,52.50263856,Kerry,13
R05,-9.47635161,52.59247083,Clare,5
R06,-9.479378658,52.6823016,Clare,5
R07,-9.482421789,52.77213088,Clare,5
R08,-9.485481117,52.86195867,Clare,5
R09,-9.488556759,52.95178496,Clare,5
R10,-9.31542509,52.14501337,Kerry,13
R11,-9.318078944,52.23485716,Kerry,13
R12,-9.320746776,52.32469946,Kerry,13
R13,-9.323428685,52.4145403,Limerick,18
R14,-9.32612477,52.50437967,Kerry,13
R15,-9.32883513,52.59421756,Clare,5
R16,-9.331559866,52.68405399,Clare,5
R17,-9.334299081,52.77388894,Clare,5
R18,-9.337052878,52.86372243,Clare,5
R19,-9.33982136,52.95355445,Clare,5
R20,-9.169382606,52.14655141,Cork,6
R21,-9.171741907,52.23640015,Cork,6
R22,-9.174113637,52.32624744,Limerick,18
R23,-9.176497882,52.41609327,Limerick,18
R24,-9.178894731,52.50593765,Limerick,18
R25,-9.181304272,52.59578059,Limerick,18
R26,-9.183726596,52.68562207,Clare,5
R27,-9.186161792,52.77546211,Clare,5
R28,-9.188609953,52.86530069,Clare,5
R29,-9.19107117,52.95513783,Clare,5
R30,-9.02332778,52.14790864,Cork,6
R31,-9.025392443,52.23776176,Cork,6
R32,-9.027467983,52.32761343,Limerick,18
R33,-9.029554476,52.41746368,Limerick,18
R34,-9.031652001,52.50731249,Limerick,18
R35,-9.033760633,52.59715987,Limerick,18
R36,-9.035880453,52.68700582,Clare,5
R37,-9.038011539,52.77685034,Clare,5
R38,-9.040153971,52.86669342,Clare,5
R39,-9.042307831,52.95653508,Clare,5
R40,-8.877262152,52.14908503,Cork,6
R41,-8.879032101,52.23894194,Cork,6
R42,-8.880811375,52.32879742,Cork,6
R43,-8.88260004,52.41865149,Limerick,18
R44,-8.884398162,52.50850414,Limerick,18
R45,-8.886205807,52.59835537,Limerick,18
R46,-8.888023043,52.68820519,Clare,5
R47,-8.889849939,52.7780536,Clare,5
R48,-8.891686562,52.86790059,Clare,5
R49,-8.893532982,52.95774616,Clare,5
R50,-8.731187264,52.15008055,Cork,6
R51,-8.732662434,52.23994066,Cork,6
R52,-8.734145377,52.32979937,Cork,6
R53,-8.735636147,52.41965668,Limerick,18
R54,-8.737134799,52.50951257,Limerick,18
R55,-8.73864139,52.59936707,Limerick,18
R56,-8.740155975,52.68922016,Clare,5
R57,-8.741678612,52.77907186,Clare,5
R58,-8.743209356,52.86892215,Clare,5
R59,-8.744748267,52.95877104,Clare,5
R60,-8.585104658,52.15089517,Cork,6
R61,-8.586284994,52.24075791,Cork,6
R62,-8.587471551,52.33061926,Limerick,18
R63,-8.588664371,52.42047921,Limerick,18
R64,-8.589863499,52.51033777,Limerick,18
R65,-8.591068979,52.60019493,Limerick,18
R66,-8.592280856,52.69005071,Clare,5
R67,-8.593499176,52.77990509,Clare,5
R68,-8.594723984,52.86975808,Clare,5
R69,-8.595955327,52.95960969,Clare,5
R70,-8.439015874,52.15152888,Cork,6
R71,-8.439901335,52.24139367,Cork,6
R72,-8.440791462,52.33125706,Limerick,18
R73,-8.441686288,52.42111908,Limerick,18
R74,-8.442585846,52.5109797,Limerick,18
R75,-8.443490171,52.60083894,Limerick,18
R76,-8.444399295,52.6906968,Tipperary,27
R77,-8.445313252,52.78055328,Tipperary,27
R78,-8.446232078,52.87040838,Clare,5
R79,-8.447155806,52.96026209,Clare,5
R80,-8.292922457,52.15198166,Cork,6
R81,-8.293513009,52.24184791,Cork,6
R82,-8.294106673,52.33171277,Limerick,18
R83,-8.294703472,52.42157625,Tipperary,27
R84,-8.295303428,52.51143836,Tipperary,27
R85,-8.295906563,52.60129908,Limerick,18
R86,-8.296512899,52.69115843,Tipperary,27
R87,-8.29712246,52.78101641,Tipperary,27
R88,-8.297735268,52.87087301,Tipperary,27
R89,-8.298351347,52.96072823,Clare,5
R90,-8.146825949,52.1522535,Waterford,29
R91,-8.14712157,52.24212062,Tipperary,27
R92,-8.14741875,52.33198637,Tipperary,27
R93,-8.1477175,52.42185073,Tipperary,27
R94,-8.148017831,52.51171373,Tipperary,27
R95,-8.148319754,52.60157534,Tipperary,27
R96,-8.14862328,52.69143559,Tipperary,27
R97,-8.148928421,52.78129446,Tipperary,27
R98,-8.149235189,52.87115196,Tipperary,27
R99,-8.149543594,52.96100809,Tipperary,27
S00,-8.000727892,52.15234439,Waterford,29
S01,-8.000728572,52.24221181,Tipperary,27
S02,-8.000729257,52.33207785,Tipperary,27
S03,-8.000729946,52.42194251,Tipperary,27
S04,-8.000730641,52.5118058,Tipperary,27
S05,-8.000731341,52.60166772,Tipperary,27
S06,-8.000732046,52.69152826,Tipperary,27
S07,-8.000732756,52.78138743,Tipperary,27
S08,-8.000733471,52.87124524,Tipperary,27
S09,-8.000734192,52.96110167,Tipperary,27
S10,-7.854629831,52.15225433,Waterford,29
S11,-7.854335569,52.24212146,Tipperary,27
S12,-7.854039758,52.33198721,Tipperary,27
S13,-7.853742388,52.42185158,Tipperary,27
S14,-7.853443446,52.51171458,Tipperary,27
S15,-7.853142923,52.6015762,Tipperary,27
S16,-7.852840807,52.69143645,Tipperary,27
S17,-7.852537086,52.78129532,Tipperary,27
S18,-7.852231749,52.87115283,Tipperary,27
S19,-7.851924785,52.96100897,Offaly,24
S20,-7.708533307,52.15198333,Waterford,29
S21,-7.707944115,52.24184958,Waterford,29
S22,-7.70735182,52.33171445,Waterford,29
S23,-7.7067564,52.42157795,Tipperary,27
S24,-7.706157834,52.51144006,Tipperary,27
S25,-7.705556098,52.60130079,Tipperary,27
S26,-7.704951172,52.69116015,Tipperary,27
S27,-7.704343031,52.78101814,Tipperary,27
S28,-7.703731654,52.87087474,Laois,16
S29,-7.703117016,52.96072998,Laois,16
S30,-7.562439865,52.15153138,Waterford,29
S31,-7.561555764,52.24139618,Waterford,29
S32,-7.560667006,52.33125959,Waterford,29
S33,-7.559773559,52.42112161,Tipperary,27
S34,-7.55887539,52.51098225,Tipperary,27
S35,-7.557972465,52.60084151,Tipperary,27
S36,-7.557064751,52.69069938,Tipperary,27
S37,-7.556152213,52.78055587,Kilkenny,15
S38,-7.555234818,52.87041098,Laois,16
S39,-7.554312531,52.96026471,Laois,16
S40,-7.416351048,52.1508985,Waterford,29
S41,-7.41517207,52.24076126,Waterford,29
S42,-7.413986882,52.33062263,Waterford,29
S43,-7.412795441,52.4204826,Tipperary,27
S44,-7.411597702,52.51034117,Kilkenny,15
S45,-7.410393621,52.60019835,Kilkenny,15
S46,-7.409183153,52.69005415,Kilkenny,15
S47,-7.407966253,52.77990855,Kilkenny,15
S48,-7.406742875,52.86976156,Laois,16
S49,-7.405512973,52.95961318,Laois,16
S50,-7.270268396,52.15008471,Waterford,29
S51,-7.268794585,52.23994485,Waterford,29
S52,-7.267313011,52.32980358,Kilkenny,15
S53,-7.265823619,52.41966091,Kilkenny,15
S54,-7.264326355,52.50951683,Kilkenny,15
S55,-7.262821164,52.59937135,Kilkenny,15
S56,-7.261307987,52.68922446,Kilkenny,15
S57,-7.259786771,52.77907618,Kilkenny,15
S58,-7.258257456,52.86892649,Laois,16
S59,-7.256719986,52.95877541,Laois,16
S60,-7.124193454,52.14909003,Waterford,29
S61,-7.122424863,52.23894696,Waterford,29
S62,-7.120646957,52.32880247,Kilkenny,15
S63,-7.118859671,52.41865657,Kilkenny,15
S64,-7.117062937,52.50850924,Kilkenny,15
S65,-7.11525669,52.59836051,Kilkenny,15
S66,-7.113440863,52.68821035,Kilkenny,15
S67,-7.111615386,52.77805878,Kilkenny,15
S68,-7.109780193,52.8679058,Laois,16
S69,-7.107935212,52.9577514,Laois,16
S70,-6.978127762,52.14791447,Waterford,29
S71,-6.976064457,52.23776762,Wexford,31
S72,-6.973990284,52.32761933,Wexford,31
S73,-6.971905168,52.4174696,Kilkenny,15
S74,-6.969809032,52.50731845,Kilkenny,15
S75,-6.967701798,52.59716586,Carlow,3
S76,-6.965583386,52.68701184,Carlow,3
S77,-6.963453719,52.77685638,Carlow,3
S78,-6.961312716,52.8666995,Laois,16
S79,-6.959160295,52.9565412,Kildare,14
S80,-6.832072861,52.14655808,Wexford,31
S81,-6.829714917,52.23640685,Wexford,31
S82,-6.827344554,52.32625417,Wexford,31
S83,-6.824961686,52.41610004,Wexford,31
S84,-6.822566225,52.50594446,Wexford,31
S85,-6.820158081,52.59578743,Carlow,3
S86,-6.817737166,52.68562895,Carlow,3
S87,-6.815303388,52.77546902,Carlow,3
S88,-6.812856655,52.86530764,Carlow,3
S89,-6.810396877,52.95514482,Kildare,14
S90,-6.686030293,52.14502087,Wexford,31
S91,-6.683377796,52.23486469,Wexford,31
S92,-6.68071133,52.32470704,Wexford,31
S93,-6.678030798,52.41454791,Wexford,31
S94,-6.6753361,52.50438732,Wexford,31
S95,-6.672627137,52.59422526,Wexford,31
S96,-6.669903808,52.68406172,Carlow,3
S97,-6.66716601,52.77389672,Wicklow,32
S98,-6.664413642,52.86373024,Carlow,3
S99,-6.661646598,52.9535623,Wicklow,32
T00,-6.540001595,52.14330289,Wexford,31
T01,-6.537054642,52.23314118,Wexford,31
T02,-6.534092172,52.32297797,Wexford,31
T03,-6.531114075,52.41281326,Wexford,31
T04,-6.528120241,52.50264707,Wexford,31
T05,-6.525110559,52.59247938,Wexford,31
T06,-6.522084918,52.6823102,Wicklow,32
T07,-6.519043204,52.77213952,Wicklow,32
T08,-6.515985302,52.86196735,Wicklow,32
T09,-6.512911099,52.95179369,Wicklow,32
T10,-6.393988307,52.14140418,Wexford,31
T11,-6.390747007,52.23123635,Wexford,31
T12,-6.38748864,52.321067,Wexford,31
T13,-6.384213088,52.41089613,Wexford,31
T14,-6.380920229,52.50072374,Wexford,31
T15,-6.377609941,52.59054984,Wexford,31
T16,-6.374282101,52.68037441,Wexford,31
T17,-6.370936584,52.77019747,Wexford,31
T18,-6.367573266,52.86001901,Wicklow,32
T19,-6.364192018,52.94983903,Wicklow,32
T24,-6.233737645,52.4986174,Wexford,31
T25,-6.230126874,52.58843668,Wexford,31
T26,-6.22649696,52.67825442,Wexford,31
T27,-6.222847767,52.76807061,Wexford,31
T28,-6.219179158,52.85788526,Wicklow,32
T29,-6.215490995,52.94769836,Wicklow,32
T38,-6.070804604,52.85556617,Wicklow,32
T39,-6.066809665,52.94537175,Wicklow,32
V26,-10.60807669,51.76393269,Kerry,13
V29,-10.62372694,52.03326749,Kerry,13
V36,-10.46337242,51.76705546,Kerry,13
V37,-10.46827475,51.8568455,Kerry,13
V39,-10.47815644,52.03642045,Kerry,13
V44,-10.30948459,51.59039621,Cork,6
V45,-10.31405175,51.68019905,Kerry,13
V46,-10.31864271,51.77000022,Kerry,13
V47,-10.32325762,51.85979971,Kerry,13
V48,-10.32789664,51.94959753,Kerry,13
V49,-10.33255996,52.03939368,Kerry,13
V54,-10.16530164,51.59314521,Cork,6
V55,-10.16958418,51.68295686,Kerry,13
V56,-10.17388904,51.77276688,Kerry,13
V57,-10.17821637,51.86257526,Kerry,13
V58,-10.18256631,51.952382,Kerry,13
V59,-10.18693903,52.0421871,Kerry,13
V64,-10.02109653,51.59571719,Cork,6
V65,-10.02509431,51.68553709,Cork,6
V66,-10.02911291,51.77535538,Kerry,13
V67,-10.0331525,51.86517207,Kerry,13
V68,-10.0372132,51.95498716,Kerry,13
V69,-10.04129516,52.04480064,Kerry,13
V72,-9.86950252,51.41845221,Cork,6
V73,-9.873177085,51.50828293,Cork,6
V74,-9.876870734,51.59811208,Cork,6
V75,-9.880583599,51.68793966,Cork,6
V76,-9.884315813,51.77776567,Kerry,13
V77,-9.888067508,51.8675901,Kerry,13
V78,-9.891838819,51.95741296,Kerry,13
V79,-9.895629883,52.04723424,Kerry,13
V82,-9.725823191,51.42065582,Cork,6
V83,-9.729215647,51.5104936,Cork,6
V84,-9.732625724,51.60032984,Cork,6
V85,-9.736053544,51.69016453,Cork,6
V86,-9.739499229,51.77999768,Kerry,13
V87,-9.742962903,51.86982928,Kerry,13
V88,-9.746444689,51.95965933,Kerry,13
V89,-9.749944714,52.04948784,Kerry,13
V92,-9.582126361,51.42268337,Cork,6
V93,-9.585236588,51.51252764,Cork,6
V94,-9.588362972,51.6023704,Cork,6
V95,-9.591505625,51.69221164,Cork,6
V96,-9.594664658,51.78205135,Kerry,13
V97,-9.597840185,51.87188955,Kerry,13
V98,-9.601032321,51.96172623,Kerry,13
V99,-9.604241179,52.05156139,Kerry,13
W02,-9.438413483,51.4245348,Cork,6
W03,-9.441241371,51.51438501,Cork,6
W04,-9.444083951,51.60423372,Cork,6
W05,-9.446941324,51.69408093,Cork,6
W06,-9.449813593,51.78392665,Cork,6
W07,-9.45270086,51.87377087,Kerry,13
W08,-9.455603229,51.9636136,Kerry,13
W09,-9.458520805,52.05345483,Kerry,13
W12,-9.294686014,51.42621008,Cork,6
W13,-9.297231462,51.51606565,Cork,6
W14,-9.299790137,51.60591975,Cork,6
W15,-9.302362129,51.69577237,Cork,6
W16,-9.30494753,51.78562352,Cork,6
W17,-9.307546433,51.8754732,Kerry,13
W18,-9.31015893,51.96532139,Kerry,13
W19,-9.312785118,52.05516812,Kerry,13
W23,-9.153208328,51.51756954,Cork,6
W24,-9.155483006,51.60742846,Cork,6
W25,-9.157769525,51.69728592,Cork,6
W26,-9.160067965,51.78714193,Cork,6
W27,-9.16237841,51.87699648,Cork,6
W28,-9.164700942,51.96684958,Cork,6
W29,-9.167035646,52.05670122,Cork,6
W33,-9.009173434,51.51889663,Cork,6
W34,-9.011164035,51.6087598,Cork,6
W35,-9.013164999,51.69862154,Cork,6
W36,-9.015176397,51.78848183,Cork,6
W37,-9.0171983,51.87834069,Cork,6
W38,-9.019230783,51.96819811,Cork,6
W39,-9.021273918,52.05805409,Cork,6
W43,-8.865128248,51.52004689,Cork,6
W44,-8.866834701,51.60991375,Cork,6
W45,-8.868550039,51.69977919,Cork,6
W46,-8.870274322,51.7896432,Cork,6
W47,-8.872007612,51.87950579,Cork,6
W48,-8.873749972,51.96936696,Cork,6
W49,-8.875501464,52.05922671,Cork,6
W53,-8.721074239,51.52102029,Cork,6
W54,-8.722496484,51.61089028,Cork,6
W55,-8.723926134,51.70075885,Cork,6
W56,-8.72536324,51.79062601,Cork,6
W57,-8.726807854,51.88049176,Cork,6
W58,-8.728260027,51.9703561,Cork,6
W59,-8.729719813,52.06021903,Cork,6
W64,-8.578150862,51.61168936,Cork,6
W65,-8.579294773,51.70156049,Cork,6
W66,-8.580444651,51.79143023,Cork,6
W67,-8.581600536,51.88129856,Cork,6
W68,-8.582762471,51.9711655,Cork,6
W69,-8.583930498,52.06103103,Cork,6
W74,-8.433799314,51.61231098,Cork,6
W75,-8.434657446,51.70218411,Cork,6
W76,-8.435520054,51.79205585,Cork,6
W77,-8.43638717,51.88192619,Cork,6
W78,-8.437258824,51.97179514,Cork,6
W79,-8.438135048,52.06166271,Cork,6
W86,-8.29059095,51.79250284,Cork,6
W87,-8.291169264,51.88237462,Cork,6
W88,-8.291750606,51.97224502,Cork,6
W89,-8.292334997,52.06211403,Cork,6
W96,-8.145658839,51.79277121,Cork,6
W97,-8.145948332,51.88264385,Cork,6
W98,-8.14623934,51.97251512,Cork,6
W99,-8.146531876,52.062385,Cork,6
X06,-8.000725223,51.79286093,Cork,6
X07,-8.000725883,51.88273387,Cork,6
X08,-8.000726548,51.97260542,Cork,6
X09,-8.000727217,52.0624756,Waterford,29
X17,-7.855503429,51.88264467,Cork,6
X18,-7.85521375,51.97251594,Waterford,29
X19,-7.854922554,52.06238583,Waterford,29
X27,-7.710282482,51.88237626,Waterford,29
X28,-7.709702469,51.97224667,Waterford,29
X29,-7.709119418,52.06211569,Waterford,29
X38,-7.564194227,51.97179762,Waterford,29
X39,-7.563319342,52.06166519,Waterford,29
X49,-7.417523859,52.06103435,Waterford,29
X59,-7.271734499,52.06022317,Waterford,29
X69,-7.125952794,52.05923168,Waterford,29
X79,-6.980180276,52.05805989,Wexford,31
X99,-6.688668918,52.05517558,Wexford,31
