hectad,east,north,longitude,latitude
B60,160000,4e+05,-8.62341003270796,54.8461748528257
B61,160000,410000,-8.62479782234112,54.9359962250608
B70,170000,4e+05,-8.46775189754201,54.8468737145699
B71,170000,410000,-8.46879300216566,54.9366974063554
B72,170000,420000,-8.46983991067205,55.0265197491448
B73,170000,430000,-8.47089266719035,55.1163407444085
B80,180000,4e+05,-8.3120880022512,54.8473730539172
B81,180000,410000,-8.31278237818816,54.9371984033188
B82,180000,420000,-8.31348062568767,55.0270224111087
B83,180000,430000,-8.31418277418757,55.1168450788154
B84,180000,440000,-8.31488885343055,55.2066664079798
B90,190000,4e+05,-8.15642026459,54.8476728574074
B91,190000,410000,-8.15676788270395,54.9374992023966
B92,190000,420000,-8.15711743975931,55.0273242102089
B93,190000,430000,-8.15746895049882,55.1171478824075
B94,190000,440000,-8.15782242981781,55.2069702205684
C00,2e+05,4e+05,-8.00075060260998,54.8477731169564
C01,2e+05,410000,-8.00075144830921,54.9375997954485
C02,2e+05,420000,-8.00075230017805,55.0274251382479
C03,2e+05,430000,-8.0007531582621,55.1172491469295
C04,2e+05,440000,-8.00075402260745,55.2070718230813
C10,210000,4e+05,-7.8450809345115,54.847673829857
C11,210000,410000,-7.84473500775086,54.9375001797482
C12,210000,420000,-7.84438715438755,55.0273251924804
C13,210000,430000,-7.84403735977005,55.1171488696171
C14,210000,440000,-7.84368560909518,55.2069712127345
C20,220000,4e+05,-7.68941317849538,54.847374998779
C21,220000,410000,-7.68872049377629,54.9372003579842
C22,220000,420000,-7.68802394983197,55.0270243756138
C23,220000,430000,-7.68732351731578,55.1168470531965
C24,220000,440000,-7.68661916657719,55.2066683922736
C30,230000,4e+05,-7.53374925261459,54.8468766317693
C31,230000,410000,-7.53270983898309,54.9367003382595
C32,230000,420000,-7.53166463380382,55.0265226958077
C33,230000,430000,-7.53061359303876,55.1163437058847
C34,230000,440000,-7.52955667219403,55.2061633699734
C35,230000,450000,-7.52849382631393,55.2959816895684
C40,240000,4e+05,-7.37809107462593,54.8461787422506
C41,240000,410000,-7.37670497566895,54.9360001340907
C42,240000,420000,-7.37531115329173,55.0258201666734
C43,240000,430000,-7.37390954877074,55.1156388413887
C44,240000,440000,-7.37250010277455,55.2054561596374
C45,240000,450000,-7.37108275535602,55.2952721228316
C50,250000,4e+05,-7.22244056184184,54.8452813490205
C51,250000,410000,-7.22070783568146,54.9350997644067
C52,250000,420000,-7.21896545482852,55.0249168072725
C53,250000,430000,-7.21721334588169,55.1147324789037
C54,250000,440000,-7.21545143467987,55.2045467805961
C55,250000,450000,-7.2136796462924,55.2943597136553
C60,260000,4e+05,-7.06679963098222,54.8441844762499
C61,260000,410000,-7.06472035026806,54.9339992535471
C62,260000,420000,-7.06262948433912,55.0238126421149
C63,260000,430000,-7.06052694512591,55.1136246431119
C64,260000,440000,-7.05841264364745,55.2034352577053
C70,270000,4e+05,-6.9111701980264,54.8428881534802
C71,270000,410000,-6.90874444992615,54.9326986312596
C72,270000,420000,-6.90630518698876,55.0225077011567
C73,270000,430000,-6.90385230648817,55.1123153641797
C80,280000,4e+05,-6.75555417806528,54.841392415621
C81,280000,410000,-6.75278206425324,54.9311979326976
C82,280000,420000,-6.74999450703123,55.0210020197973
C83,280000,430000,-6.74719138903008,55.1108046777549
C84,280000,440000,-6.74437259166627,55.2006059074106
C90,290000,4e+05,-6.59995348515356,54.8396973029466
C91,290000,410000,-6.59683512179743,54.9294971984164
C92,290000,420000,-6.59369938765738,55.019295638876
C93,290000,430000,-6.59054615073656,55.1090926249635
C94,290000,440000,-6.5873752776727,55.1988881573208
D00,3e+05,4e+05,-6.44437003216228,54.8378028610922
D01,3e+05,410000,-6.44090554990793,54.9275964743699
D02,3e+05,420000,-6.43742177084378,55.017388604668
D03,3e+05,430000,-6.43391854836264,55.1071792524055
D04,3e+05,440000,-6.43039573434107,55.1969684180026
D05,3e+05,450000,-6.4268531791198,55.2867561018802
D10,310000,4e+05,-6.28880573063151,54.8357091410497
D11,310000,410000,-6.28499527458593,54.9254958119056
D12,310000,420000,-6.28116359720164,55.0152809688805
D13,310000,430000,-6.27731053728037,55.1050646121508
D14,310000,440000,-6.27343593195703,55.194846741892
D15,310000,450000,-6.26953961667826,55.2846273582777
D20,320000,4e+05,-6.13326249062334,54.8334161991628
D21,320000,410000,-6.12910622033567,54.9231952677605
D22,320000,420000,-6.12492680582601,55.012972788647
D23,320000,430000,-6.1207240713261,55.1027487617338
D24,320000,440000,-6.1164978392507,55.1925231869281
D30,330000,4e+05,-5.97774222057512,54.8309240971218
D31,330000,410000,-5.97324031001588,54.920694904055
D32,330000,420000,-5.96871333414524,55.0104641265226
D40,340000,4e+05,-5.82224682715306,54.8282329019578
F50,50000,3e+05,-10.2843222341538,53.9277143123615
F51,50000,310000,-10.2892389791523,54.0174831627064
F52,50000,320000,-10.2941825622181,54.1072503556149
F60,60000,3e+05,-10.132203926189,53.9305119299944
F61,60000,310000,-10.1367938280344,54.0202899558185
F62,60000,320000,-10.1414087880549,54.1100663636544
F63,60000,330000,-10.1460489914162,54.1998411528976
F64,60000,340000,-10.1507146251503,54.2896143229366
F70,70000,3e+05,-9.98006074367916,53.9331169562228
F71,70000,310000,-9.98432361905297,54.022903527043
F72,70000,320000,-9.98860977086624,54.1126885166231
F73,70000,330000,-9.99291937115823,54.2024719246402
F74,70000,340000,-9.99725259370281,54.2922537507669
F80,80000,3e+05,-9.82789445534228,53.9355293234345
F81,80000,310000,-9.83183013392188,54.0253238083085
F82,80000,320000,-9.83578730549223,54.1151167459868
F83,80000,330000,-9.83976612894473,54.2049081364069
F84,80000,340000,-9.84376676477319,54.2946979795048
F90,90000,3e+05,-9.6757068315884,53.9377489689999
F91,90000,310000,-9.67931515606828,54.0275507365605
F92,90000,320000,-9.68294318850762,54.1173509882614
F93,90000,330000,-9.68659107463011,54.2071497242804
F94,90000,340000,-9.69025896162947,54.2969469447957
G00,1e+05,3e+05,-9.52349964439054,53.9397758352779
G01,1e+05,310000,-9.52678047050178,54.0295842537663
G02,1e+05,320000,-9.53007921808941,54.1193911850192
G03,1e+05,330000,-9.53339601969128,54.209196629434
G04,1e+05,340000,-9.53673100918249,54.2990005874104
G10,110000,3e+05,-9.37127466715553,53.9416098696207
G11,110000,310000,-9.37422786368373,54.0314243069203
G12,110000,320000,-9.37719719388457,54.1212372828939
G13,110000,330000,-9.38018277709349,54.2110487981371
G14,110000,340000,-9.3831847338502,54.3008588532503
G20,120000,3e+05,-9.21903367459455,53.9432510243786
G21,120000,310000,-9.22165912339611,54.0330708480494
G22,120000,320000,-9.22429891687721,54.1228892335852
G23,120000,330000,-9.22695316115596,54.2127061817595
G30,130000,3e+05,-9.06677844259341,53.9446992569045
G31,130000,310000,-9.06907603861025,54.0345238342166
G32,130000,320000,-9.0713861892557,54.1243469938638
G33,130000,330000,-9.07370898741729,54.2141687367765
G40,140000,3e+05,-8.91451074808265,53.9459545295575
G41,140000,310000,-8.91648039935522,54.0357832275251
G42,140000,320000,-8.91846081427941,54.1256105255746
G43,140000,330000,-8.92045207250057,54.2154364247725
G48,140000,380000,-8.93057385750826,54.6645449759714
G50,150000,3e+05,-8.76223236890743,53.9470168097063
G51,150000,310000,-8.76387399658619,54.0368489951218
G52,150000,320000,-8.7655245961454,54.1266797956406
G53,150000,330000,-8.7671842339783,54.2165092124445
G54,150000,340000,-8.76885297714851,54.3063372467256
G55,150000,350000,-8.77053089339851,54.3961638996867
G57,150000,370000,-8.77391451955344,54.5758130665126
G58,150000,380000,-8.77562036841519,54.6656355828349
G59,150000,390000,-8.77733566828811,54.7554567227524
G60,160000,3e+05,-8.60994508369723,53.9478860697321
G61,160000,310000,-8.6112586220524,54.0377211092003
G62,160000,320000,-8.61257933985481,54.1275547760659
G63,160000,330000,-8.6139072902372,54.217387071605
G64,160000,340000,-8.61524252686894,54.3072179971051
G65,160000,350000,-8.61658510396269,54.397047553865
G67,160000,370000,-8.61929249914456,54.5767025664178
G68,160000,380000,-8.62065742843673,54.6665280248655
G69,160000,390000,-8.62202992061318,54.7563521198829
G70,170000,3e+05,-8.45765067173539,53.9485622870312
G71,170000,310000,-8.45863606816522,54.0383995470031
G72,170000,320000,-8.45962685107912,54.1282354439379
G73,170000,330000,-8.46062306034278,54.218069979185
G74,170000,340000,-8.46162473622453,54.3079031541061
G75,170000,350000,-8.46263191940035,54.3977349700748
G77,170000,370000,-8.4646629724075,54.5773945307119
G78,170000,380000,-8.46568692567585,54.6672222781885
G79,170000,390000,-8.466716553123,54.7570486723297
G80,180000,3e+05,-8.30535091282863,53.9490454440171
G81,180000,310000,-8.30600812786585,54.0388842908241
G82,180000,320000,-8.30666893602637,54.1287217814297
G83,180000,330000,-8.30733336390383,54.2185579172358
G84,180000,340000,-8.30800143836043,54.3083926996568
G85,180000,350000,-8.30867318653038,54.3982261301201
G86,180000,360000,-8.30934863582325,54.4880582100659
G87,180000,370000,-8.31002781392752,54.5778889409467
G88,180000,380000,-8.31071074881407,54.6677183242281
G89,180000,390000,-8.31139746873979,54.757546361388
G90,190000,3e+05,-8.15304758717634,53.9493355281216
G91,190000,310000,-8.15337659449313,54.0391753280098
G92,190000,320000,-8.1537074013072,54.1290137758016
G93,190000,330000,-8.15404002093678,54.2188508729304
G94,190000,340000,-8.15437446683462,54.3086866208425
G95,190000,350000,-8.15471075258967,54.3985210209975
G96,190000,360000,-8.15504889192882,54.4883540748678
G97,190000,370000,-8.15538889871863,54.578185783939
G98,190000,380000,-8.15573078696709,54.6680161497094
G99,190000,390000,-8.15607457082545,54.7578451736907
H00,2e+05,3e+05,-8.0007424752399,53.9494325317966
H01,2e+05,310000,-8.00074326165115,54.0392726509606
H02,2e+05,320000,-8.0007440538008,54.1291114194022
H03,2e+05,330000,-8.00074485173004,54.2189488385652
H04,2e+05,340000,-8.00074565548043,54.3087849099068
H05,2e+05,350000,-8.00074646509398,54.3986196348971
H06,2e+05,360000,-8.00074728061314,54.4884530150195
H07,2e+05,370000,-8.00074810208077,54.5782850517705
H08,2e+05,380000,-8.00074892954021,54.6681157466597
H09,2e+05,390000,-8.0007497630352,54.7579451012097
H10,210000,3e+05,-7.84843735761187,53.9493364525143
H11,210000,310000,-7.84810992307682,54.0391762571315
H12,210000,320000,-7.8477807005209,54.1290147096691
H13,210000,330000,-7.84744967670819,54.2188518115604
H14,210000,340000,-7.84711683826912,54.308687564252
H15,210000,350000,-7.84678217169873,54.3985219692035
H16,210000,360000,-7.846445663355,54.4883550278876
H17,210000,370000,-7.84610729945715,54.5781867417898
H18,210000,380000,-7.84576706608377,54.6680171124089
H19,210000,390000,-7.84542494917118,54.7578461412564
H20,220000,3e+05,-7.69613401488524,53.9490472927674
H21,220000,310000,-7.6954783725075,54.0388861490324
H22,220000,320000,-7.69481914848162,54.1287236491292
H23,220000,330000,-7.69415631629627,54.2185597944601
H24,220000,340000,-7.69348984917238,54.3083945864398
H25,220000,350000,-7.69281972005976,54.398228026496
H26,220000,360000,-7.69214590163367,54.488060116069
H27,220000,370000,-7.69146836629137,54.5778908566118
H28,220000,380000,-7.6907870861486,54.6677202495901
H29,220000,390000,-7.69010203303597,54.7575482964822
H30,230000,3e+05,-7.5438342275226,53.9485650600693
H31,230000,310000,-7.54285040354851,54.0384023342275
H32,230000,320000,-7.54186120456343,54.1282382453986
H33,230000,330000,-7.54086659078394,54.2180727949323
H34,230000,340000,-7.53986652202486,54.3079059841908
H35,230000,350000,-7.53886095769415,54.3977378145483
H36,230000,360000,-7.53784985678784,54.4875682873912
H37,230000,370000,-7.53683317788477,54.577397404118
H38,230000,380000,-7.53581087914136,54.6672251661394
H39,230000,390000,-7.53478291828619,54.7570515748782
H40,240000,3e+05,-7.39153977572542,53.947889766953
H41,240000,310000,-7.39022780954075,54.0377248253352
H42,240000,320000,-7.38890867537905,54.1275585111814
H43,240000,330000,-7.38758232018977,54.2173908257683
H44,240000,340000,-7.38624869038665,54.3072217703839
H45,240000,350000,-7.38490773184097,54.3970513463277
H46,240000,360000,-7.38355938987469,54.4868795549106
H47,240000,370000,-7.38220360925355,54.576706397455
H48,240000,380000,-7.38084033417999,54.6665318752946
H49,240000,390000,-7.37946950828602,54.7563559897744
H50,250000,3e+05,-7.23925243930324,53.9470214309703
H51,250000,310000,-7.23761238342836,54.0368536400265
H52,250000,320000,-7.23596336713946,54.1266844642694
H53,250000,330000,-7.23430532412553,54.2165139048812
H54,250000,340000,-7.23263818740596,54.306341963055
H55,250000,350000,-7.23096188932216,54.396168639994
H56,250000,360000,-7.22927636152899,54.4859939369125
H57,250000,370000,-7.22758153498612,54.5758178550345
H58,250000,380000,-7.22587733994919,54.6656403955948
H59,250000,390000,-7.22416370596088,54.7554615598383
H60,260000,3e+05,-7.08697399754313,53.9459600746898
H61,260000,310000,-7.08500591762641,54.0357888010237
H62,260000,320000,-7.08302708551996,54.1256161275395
H63,260000,330000,-7.08103742166056,54.2154420553044
H64,260000,340000,-7.07903684568169,54.3052665853953
H65,260000,350000,-7.07702527640344,54.3950897188981
H66,260000,360000,-7.07500263182226,54.4849114569082
H67,260000,370000,-7.07296882910052,54.5747318005302
H68,260000,380000,-7.07092378455602,54.6645507508777
H69,260000,390000,-7.06886741365118,54.7543683090737
H70,270000,3e+05,-6.93470622907907,53.9447057256954
H71,270000,310000,-6.93241020388873,54.034530336098
H72,270000,320000,-6.93010163552627,54.1243535289523
H73,270000,330000,-6.92778043118623,54.2141753051897
H74,270000,340000,-6.92544649712627,54.3039956657495
H75,270000,350000,-6.9230997386554,54.3938146115791
H76,270000,360000,-6.92074006012203,54.4836321436338
H77,270000,370000,-6.91836736490186,54.5734482628767
H78,270000,380000,-6.91598155538552,54.6632629702785
H79,270000,390000,-6.91358253296609,54.7530762668176
H80,280000,3e+05,-6.78245091176153,53.9432584165835
H81,280000,310000,-6.77982703317585,54.0330782780675
H82,280000,320000,-6.77718882136092,54.1228967015496
H83,280000,330000,-6.77453617028061,54.2127136878045
H84,280000,340000,-6.77186897282853,54.302529237613
H85,280000,350000,-6.76918712081458,54.3923433517627
H86,280000,360000,-6.76649050495129,54.4821560310472
H87,280000,370000,-6.76377901483995,54.5719672762663
H88,280000,380000,-6.76105253895657,54.661777088226
H89,280000,390000,-6.75831096463756,54.7515854677384
H90,290000,3e+05,-6.63020982252718,53.9416181849602
H91,290000,310000,-6.62725819552308,54.0314326647937
H92,290000,320000,-6.62429044628958,54.121245683451
H93,290000,330000,-6.62130645557313,54.2110572415288
H94,290000,340000,-6.61830610291676,54.3008673396288
H95,290000,350000,-6.6152892666449,54.3906759783572
H96,290000,360000,-6.61225582384802,54.4804831583246
H97,290000,370000,-6.60920565036713,54.570288880146
H98,290000,380000,-6.60613862077786,54.6600931444406
H99,290000,390000,-6.60305460837448,54.7498959518317
J00,3e+05,3e+05,-6.47798473726881,53.9397850734377
J01,3e+05,310000,-6.47470547990879,54.0295935391786
J02,3e+05,320000,-6.47140831250773,54.1194005178505
J03,3e+05,330000,-6.46809310260961,54.209206009852
J04,3e+05,340000,-6.46475971642196,54.299010015584
J05,3e+05,350000,-6.46140801879908,54.3888125354504
J06,3e+05,360000,-6.45803787322501,54.4786135698574
J07,3e+05,370000,-6.45464914179622,54.5684131192135
J08,3e+05,380000,-6.45124168520407,54.6582111839293
J09,3e+05,390000,-6.44781536271697,54.7480077644174
J10,310000,3e+05,-6.32577743070536,53.9377591296308
J11,310000,310000,-6.32217067412281,54.0275609491604
J12,310000,320000,-6.31854422100748,54.1173612530132
J13,310000,330000,-6.31489792571735,54.2071600413684
J14,310000,340000,-6.31123164114127,54.2969573144058
J15,310000,350000,-6.30754521868044,54.3867530723056
J16,310000,360000,-6.30383850822976,54.4765473152481
J17,310000,370000,-6.30011135815874,54.5663400434138
J18,310000,380000,-6.29636361529228,54.6561312569828
J19,310000,390000,-6.29259512489103,54.7459209561349
J20,320000,3e+05,-6.17358967625224,53.9355404061525
J21,320000,310000,-6.16965556463519,54.0253349477094
J22,320000,320000,-6.16569997144455,54.1151279422699
J23,320000,330000,-6.16172273787051,54.2049193897733
J24,320000,340000,-6.15772370350165,54.2947092901572
J25,320000,350000,-6.15370270630482,54.3844976433568
J26,320000,360000,-6.14965958260476,54.4742844493054
J27,320000,370000,-6.14559416706335,54.5640697079337
J28,320000,380000,-6.1415062926586,54.6538534191698
J29,320000,390000,-6.1373957906633,54.7436355829388
J31,330000,310000,-6.01716193646505,54.0229155928234
J32,330000,320000,-6.0128773620056,54.1127006440134
J33,330000,330000,-6.00856935055571,54.2024841138581
J34,330000,340000,-6.00423772842381,54.2922660020316
J35,330000,350000,-5.99988232016279,54.3820463082037
J36,330000,360000,-5.99550294854795,54.4718250320391
J37,330000,370000,-5.99109943455458,54.5616021731973
J38,330000,380000,-5.98667159733513,54.6513777313325
J39,330000,390000,-5.98221925419623,54.7411517060931
J43,340000,330000,-5.85543957363799,54.1998542775044
J44,340000,340000,-5.85077553918645,54.2896275143482
J45,340000,350000,-5.8460858970822,54.3793991316069
J46,340000,360000,-5.84137045657352,54.4691691286552
J47,340000,370000,-5.83662902497182,54.5589375048602
J48,340000,380000,-5.83186140762717,54.6487042595805
J49,340000,390000,-5.82706740790345,54.738469392166
J53,350000,330000,-5.70233521522695,54.1970299496788
J54,350000,340000,-5.69733895729078,54.2867938965454
J55,350000,350000,-5.69231527209099,54.3765561834808
J56,350000,360000,-5.68726395537296,54.4663168095492
J57,350000,370000,-5.68218480080873,54.5560757738035
J58,350000,380000,-5.67707759997079,54.6458330752851
J64,360000,340000,-5.54392980232536,54.2837652231747
J65,360000,350000,-5.53857227828034,54.3735175388884
J66,360000,360000,-5.53318529167655,54.4632681503
J67,360000,370000,-5.52776862257284,54.553017056127
J68,360000,380000,-5.52232204879074,54.6427642550721
L46,40000,260000,-10.4157223392016,53.5656710247411
L54,50000,240000,-10.2553745061029,53.3890664536625
L55,50000,250000,-10.2601342775291,53.4788452301309
L56,50000,260000,-10.2649197380073,53.5686223544017
L63,60000,230000,-10.1007610697036,53.3020204949148
L64,60000,240000,-10.1051805969422,53.3918098302899
L65,60000,250000,-10.1096239365607,53.481597551726
L66,60000,260000,-10.114091261287,53.5713836586622
L67,60000,270000,-10.1185827455607,53.6611681505321
L68,60000,280000,-10.1230985655547,53.7509510267638
L69,60000,290000,-10.1276388991964,53.8407322867792
L71,70000,210000,-9.94271475017577,53.1249667144234
L72,70000,220000,-9.9467756035207,53.2147675024909
L73,70000,230000,-9.95085825957277,53.3045667120626
L74,70000,240000,-9.9549628756878,53.3943643428451
L75,70000,250000,-9.95908961077426,53.4841603945431
L76,70000,260000,-9.96323862531222,53.5739548668584
L77,70000,270000,-9.96741008137275,53.6637477594898
L78,70000,280000,-9.97160414263753,53.7535390721333
L79,70000,290000,-9.97582097441871,53.8433288044813
L80,80000,2e+05,-9.78968593487433,53.0374993916919
L81,80000,210000,-9.79341508383357,53.1273093453668
L82,80000,220000,-9.79716422078618,53.2171177524095
L83,80000,230000,-9.80093348964213,53.3069246127657
L84,80000,240000,-9.80472303572829,53.3967299263811
L85,80000,250000,-9.80853300580582,53.4865336932013
L86,80000,260000,-9.81236354808771,53.5763359131715
L87,80000,270000,-9.8162148122567,53.6661365862363
L88,80000,280000,-9.82008694948341,53.7559357123398
L89,80000,290000,-9.82398011244468,53.8457332914251
L90,90000,2e+05,-9.64067648078454,53.0396478827228
L92,90000,220000,-9.64753270638903,53.219280236545
L93,90000,230000,-9.65098844272488,53.3090941372628
L94,90000,240000,-9.65446277202395,53.3989065207381
L95,90000,250000,-9.65795582888249,53.4887173871386
L96,90000,260000,-9.66146774922857,53.5785267366335
L97,90000,270000,-9.66499867033849,53.6683345693939
L98,90000,280000,-9.66854873085337,53.7581408855923
L99,90000,290000,-9.6721180707961,53.8479456854026
M00,1e+05,2e+05,-9.49164882990577,53.0416097673227
M02,1e+05,220000,-9.49788273253053,53.2212549002602
M03,1e+05,230000,-9.50102480306834,53.3110752305528
M04,1e+05,240000,-9.50418378098676,53.4008940705483
M05,1e+05,250000,-9.50735978870098,53.490711420617
M06,1e+05,260000,-9.51055294983774,53.580527281133
M07,1e+05,270000,-9.51376338925023,53.670341652474
M08,1e+05,280000,-9.51699123303326,53.7601545350215
M09,1e+05,290000,-9.5202366085386,53.8499659291601
M10,110000,2e+05,-9.34260463196572,53.043384996243
M11,110000,210000,-9.34540280064732,53.1332140784463
M12,110000,220000,-9.34821597271162,53.2230416936512
M13,110000,230000,-9.35104425623548,53.3128678424
M14,110000,240000,-9.3538877603605,53.4026925252408
M15,110000,250000,-9.35674659530613,53.4925157427275
M16,110000,260000,-9.35962087238286,53.5823374954196
M17,110000,270000,-9.36251070400568,53.6721577838819
M18,110000,280000,-9.3654162037077,53.7619766086849
M19,110000,290000,-9.36833748615396,53.8517939704042
M20,120000,2e+05,-9.19354553784608,53.044973524911
M21,120000,210000,-9.19603314993723,53.1348077709779
M22,120000,220000,-9.19853410161557,53.2246405715525
M23,120000,230000,-9.201048488986,53.3144719273384
M24,120000,240000,-9.20357640910038,53.4043018390463
M25,120000,250000,-9.20611795996916,53.4941303073946
M26,120000,260000,-9.20867324057315,53.5839573331087
M27,120000,270000,-9.21124235087549,53.673782916921
M28,120000,280000,-9.21382539183375,53.7636070595712
M29,120000,290000,-9.21642246541225,53.853429761806
M30,130000,2e+05,-9.04447319946771,53.046375313434
M31,130000,210000,-9.04665015980094,53.1362141167421
M32,130000,220000,-9.04883879499034,53.2260514935406
M33,130000,230000,-9.0510391891574,53.3158874446753
M34,130000,240000,-9.05325142725263,53.4057219710007
M35,130000,250000,-9.05547559506572,53.4955550733802
M36,130000,260000,-9.05771177923586,53.5853867526856
M37,130000,270000,-9.05996006726219,53.6752170097975
M38,130000,280000,-9.06222054751446,53.7650458456049
M39,130000,290000,-9.06449330924373,53.8548732610053
M40,140000,2e+05,-8.8953892696757,53.0475903266026
M41,140000,210000,-8.89725549495017,53.1374330802965
M42,140000,220000,-8.89913172953081,53.2272744239377
M43,140000,230000,-8.90101804554569,53.3171143584954
M44,140000,240000,-8.90291451583379,53.4069528849489
M45,140000,250000,-8.90482121395373,53.4967900042871
M46,140000,260000,-8.90673821419262,53.5866257175091
M47,140000,270000,-8.908665591575,53.6764600256237
M48,140000,280000,-8.91060342187199,53.7662929296496
M49,140000,290000,-8.91255178161051,53.8561244306148
M50,150000,2e+05,-8.74629540212424,53.0486185338936
M51,150000,210000,-8.74785082091561,53.1384646309156
M52,150000,220000,-8.74941458276085,53.2283093318143
M53,150000,230000,-8.750986747786,53.3181526376634
M54,150000,240000,-8.75256737670982,53.4079945495476
M55,150000,250000,-8.754156530851,53.4978350685625
M56,150000,260000,-8.7557542721356,53.5876741958147
M57,150000,270000,-8.75736066310445,53.6775119324215
M58,150000,280000,-8.7589757669208,53.7673482795112
M59,150000,290000,-8.76059964737803,53.8571832382229
M60,160000,2e+05,-8.59719325116133,53.049459909473
M61,160000,210000,-8.59843780393025,53.1393087425941
M62,160000,220000,-8.5996890329152,53.2291561909924
M63,160000,230000,-8.60094698623308,53.319002255827
M64,160000,240000,-8.60221171247512,53.4088469382688
M65,160000,250000,-8.60348326071275,53.4986902395007
M66,160000,260000,-8.60476168050347,53.5885321607173
M67,160000,270000,-8.6060470218968,53.6783727031249
M68,160000,280000,-8.60733933544045,53.7682118679415
M69,160000,290000,-8.6086386721864,53.8580496563968
M70,170000,2e+05,-8.44808447171342,53.0501144321976
M71,170000,210000,-8.44901811081255,53.139965394049
M72,170000,220000,-8.44995675882126,53.2298149800475
M73,170000,230000,-8.45090045184157,53.3196631914188
M74,170000,240000,-8.45184922633141,53.4095100294011
M75,170000,250000,-8.45280311910899,53.4993554952451
M76,170000,260000,-8.45376216735727,53.5891995902138
M77,170000,270000,-8.45472640862843,53.6790423155827
M78,170000,280000,-8.4556958808484,53.7688836726397
M79,170000,290000,-8.45667062232157,53.858723662685
M80,180000,2e+05,-8.29897071916991,53.0505820856174
M81,180000,210000,-8.29959340884957,53.1404345687211
M82,180000,220000,-8.30021943978076,53.2302856823105
M83,180000,230000,-8.30084883604629,53.3201354276589
M84,180000,240000,-8.30148162196642,53.4099838060525
M85,180000,250000,-8.30211782210173,53.4998308187905
M86,180000,260000,-8.30275746125617,53.5896764671848
M87,180000,270000,-8.30340056447995,53.6795207525604
M88,180000,280000,-8.30404715707267,53.7693636762551
M89,180000,290000,-8.30469726458636,53.8592052396195
M90,190000,2e+05,-8.14985364926756,53.0508628579766
M91,190000,210000,-8.15016536567999,53.1407162547766
M92,190000,220000,-8.15047875545132,53.230568285869
M93,190000,230000,-8.1507938306423,53.3204189525556
M94,190000,240000,-8.15111060343259,53.4102682561513
M95,190000,250000,-8.15142908612221,53.5001161979843
M96,190000,260000,-8.15174929113307,53.5899627793963
M97,190000,270000,-8.1520712310104,53.6798080017416
M98,190000,280000,-8.15239491842434,53.7696518663881
M99,190000,290000,-8.15272036617147,53.8594943747168
N00,2e+05,2e+05,-8.00073491797487,53.0509567422146
N01,2e+05,210000,-8.00073564917704,53.1408104451085
N02,2e+05,220000,-8.00073638572801,53.2306627835688
N03,2e+05,230000,-8.00073712766502,53.3205137589068
N04,2e+05,240000,-8.00073787502567,53.4103633724472
N05,2e+05,250000,-8.00073862784795,53.500211625528
N06,2e+05,260000,-8.00073938617022,53.5900585195004
N07,2e+05,270000,-8.00074015003121,53.6799040557291
N08,2e+05,280000,-8.00074091947007,53.7697482355918
N09,2e+05,290000,-8.00074169452632,53.8595910604795
N10,210000,2e+05,-7.8516161813764,53.0508637359672
N11,210000,210000,-7.85130592733143,53.1407171373366
N12,210000,220000,-7.8509940106248,53.2305691730138
N13,210000,230000,-7.85068041927023,53.3204198443007
N14,210000,240000,-7.85036514116327,53.4102691525123
N15,210000,250000,-7.85004816407984,53.5001170989772
N16,210000,260000,-7.84972947567475,53.5899636850367
N17,210000,270000,-7.84940906348027,53.6798089120458
N18,210000,280000,-7.84908691490449,53.7696527813721
N19,210000,290000,-7.84876301722993,53.8594952943969
N20,220000,2e+05,-7.70249909555707,53.0505838415659
N21,220000,210000,-7.70187786813425,53.140436333808
N22,220000,220000,-7.70125331015605,53.2302874565668
N23,220000,230000,-7.7006253976141,53.3201372111157
N24,220000,240000,-7.69999410626335,53.409985598741
N25,220000,250000,-7.69935941161912,53.4998326207423
N26,220000,260000,-7.6987212889542,53.5896782784317
N27,220000,270000,-7.69807971329582,53.6795225731345
N28,220000,280000,-7.69743465942266,53.7693655061886
N29,220000,290000,-7.69678610186172,53.859207078945
N30,230000,2e+05,-7.55338531648646,53.0501170660384
N31,230000,210000,-7.55245313945984,53.1399680415971
N32,230000,220000,-7.55151596421794,53.229817641349
N33,230000,230000,-7.55057375473318,53.3196658665205
N34,230000,240000,-7.5496264746228,53.4095127183499
N35,230000,250000,-7.54867408714449,53.4993581980882
N36,230000,260000,-7.54771655519196,53.589202306999
N37,230000,270000,-7.54675384129052,53.6790450463581
N38,230000,280000,-7.54578590759242,53.7688864174537
N39,230000,290000,-7.54481271587234,53.8587264215864
N40,240000,2e+05,-7.40427649990317,53.0494634211078
N41,240000,210000,-7.4030334089487,53.1393122725043
N42,240000,220000,-7.40178365246995,53.2291597392396
N43,240000,230000,-7.40052718242441,53.3190058224733
N44,240000,240000,-7.39926395029597,53.4088505233768
N45,240000,250000,-7.39799390708908,53.4986938431336
N46,240000,260000,-7.39671700332293,53.5885357829386
N47,240000,270000,-7.39543318902535,53.6783763439987
N48,240000,280000,-7.39414241372688,53.7682155275324
N49,240000,290000,-7.39284462645449,53.8580533347699
N50,250000,2e+05,-7.2551743011991,53.0486229231915
N51,250000,210000,-7.25362034389047,53.138469043056
N52,250000,220000,-7.25205805421641,53.2283137668744
N53,250000,230000,-7.25048737212523,53.3181570957208
N54,250000,240000,-7.24890823697326,53.4079990306806
N55,250000,250000,-7.24732058751765,53.4978395728499
N56,250000,260000,-7.24572436190896,53.5876787233359
N57,250000,270000,-7.24411949768372,53.6775164832567
N58,250000,280000,-7.24250593175683,53.7673528537411
N59,250000,290000,-7.24088360041385,53.8571878359288
N60,260000,2e+05,-7.106080375304,53.0475955933996
N61,260000,210000,-7.10421561110691,53.1374383745024
N62,260000,220000,-7.10234084828806,53.2272797456448
N63,260000,230000,-7.10045601479367,53.317119707797
N64,260000,240000,-7.09856103785981,53.4069582619387
N65,260000,250000,-7.09665584400364,53.4967954090598
N66,260000,260000,-7.09474035901462,53.58663115016
N67,260000,270000,-7.09281450794552,53.676465486249
N68,260000,280000,-7.09087821510332,53.7662984183459
N69,260000,290000,-7.08893140404,53.85612994748
N70,270000,2e+05,-6.95699637656983,53.0463814575338
N71,270000,210000,-6.95482087683505,53.1362202928157
N72,270000,220000,-6.95263371292373,53.2260577016958
N73,270000,230000,-6.95043480078862,53.3158936850207
N74,270000,240000,-6.9482240555542,53.4057282436458
N75,270000,250000,-6.94600139150652,53.4955613784352
N76,270000,260000,-6.94376672208288,53.5853930902619
N77,270000,270000,-6.94151995986139,53.6752233800071
N78,270000,280000,-6.93926101655035,53.7650522485608
N79,270000,290000,-6.9369898029775,53.8548796968213
N80,280000,2e+05,-6.80792395865551,53.0449805460843
N81,280000,210000,-6.80543780661034,53.1348148286884
N82,280000,220000,-6.8029383256521,53.2246476659234
N83,280000,230000,-6.80042541975009,53.3144790584938
N84,280000,240000,-6.79789899192736,53.4043090071114
N85,280000,250000,-6.79535894424912,53.4941375124953
N86,280000,260000,-6.79280517781097,53.5839645753721
N87,280000,270000,-6.79023759272697,53.6737901964752
N88,280000,280000,-6.78765608811752,53.7636143765453
N89,280000,290000,-6.78506056209704,53.8534371163299
N90,290000,2e+05,-6.65886477441155,53.043392894228
N91,290000,210000,-6.65606806514999,53.1332220175303
N92,290000,220000,-6.65325636317363,53.2230496739727
N93,290000,230000,-6.65042956047973,53.3128758640986
N94,290000,240000,-6.64758754800151,53.4027005884572
N95,290000,250000,-6.6447302155951,53.4925238476034
N96,290000,260000,-6.64185745202636,53.5823456420979
N97,290000,270000,-6.6389691449574,53.6721659725066
N98,290000,280000,-6.63606518093302,53.7619848394012
N99,290000,290000,-6.63314544536681,53.8518022433584
O00,3e+05,2e+05,-6.50982047576497,53.0416185418248
O01,3e+05,210000,-6.50671331623647,53.1314418994652
O02,3e+05,220000,-6.5035895012426,53.2212637662339
O03,3e+05,230000,-6.50044891082142,53.3110841424942
O04,3e+05,240000,-6.49729142382934,53.4009030286137
O05,3e+05,250000,-6.49411691792667,53.4907204249639
O06,3e+05,260000,-6.49092526956292,53.58053633192
O07,3e+05,270000,-6.48771635396192,53.6703507498611
O08,3e+05,280000,-6.48449004510666,53.7601636791699
O09,3e+05,290000,-6.48124621572393,53.8499751202323
O10,310000,2e+05,-6.36079271360433,53.0396575334148
O11,310000,210000,-6.35737522260111,53.1294745193281
O12,310000,220000,-6.35393941454929,53.2192899878394
O13,310000,230000,-6.35048515754199,53.3091039391134
O14,310000,240000,-6.34701231837329,53.3989163733168
O15,310000,250000,-6.34352076252235,53.4887272906185
O16,310000,260000,-6.34001035413726,53.5785366911891
O17,310000,270000,-6.33648095601866,53.668344575201
O18,310000,280000,-6.33293242960309,53.7581509428282
O19,310000,290000,-6.32936463494615,53.8479557942459
O20,320000,2e+05,-6.21178313766493,53.0375099182141
O21,320000,210000,-6.20805544580796,53.1273199266609
O22,320000,220000,-6.20430777660245,53.2171283886601
O23,320000,230000,-6.20053998621227,53.3069353041587
O24,320000,240000,-6.19675192938509,53.3967406731039
O25,320000,250000,-6.19294345943506,53.4865444954426
O26,320000,260000,-6.18911442822523,53.5763467711215
O30,330000,2e+05,-6.06279339641427,53.0351757501104
O31,330000,210000,-6.05875564613777,53.1249781757082
O33,330000,230000,-6.05061508108823,53.304578292598
O35,330000,250000,-6.04238671737033,53.4841720951406
Q20,20000,1e+05,-10.6289984167551,52.1230422499776
Q30,30000,1e+05,-10.483136151032,52.1262053591759
Q31,30000,110000,-10.4881420223101,52.2159885500922
Q40,40000,1e+05,-10.3372477301775,52.1291881536351
Q41,40000,110000,-10.341960127018,52.218980949925
Q50,50000,1e+05,-10.1913346834427,52.1319905610094
Q51,50000,110000,-10.1957534336906,52.2217923830065
Q60,60000,1e+05,-10.0453985417095,52.1346125133068
Q61,60000,110000,-10.0495234838731,52.2244227809063
Q63,60000,130000,-10.0578386613847,52.4040384944794
Q64,60000,140000,-10.0620292027158,52.4938439394287
Q70,70000,1e+05,-9.8994408373905,52.1370539468951
Q71,70000,110000,-9.90327182065957,52.2268720795817
Q72,70000,120000,-9.90712297301286,52.31668863689
Q73,70000,130000,-9.91099443590896,52.4065036185411
Q74,70000,140000,-9.91488635216678,52.4963170242557
Q75,70000,150000,-9.91879886598182,52.5861288537542
Q80,80000,1e+05,-9.75346310432746,52.1393148025068
Q81,80000,110000,-9.75699998859037,52.2291402193827
Q82,80000,120000,-9.76055549603585,52.3189640902095
Q83,80000,130000,-9.76412975730543,52.4087864149231
Q84,80000,140000,-9.76772290429726,52.4986071934613
Q85,80000,150000,-9.77133507018113,52.5884264257633
Q86,80000,160000,-9.77496638941365,52.6782441117699
Q90,90000,1e+05,-9.6074668776908,52.1413950252439
Q91,90000,110000,-9.61070953355026,52.2312271450571
Q92,90000,120000,-9.61396926544883,52.3210577458162
Q93,90000,130000,-9.61724619319623,52.410886827655
Q94,90000,140000,-9.62054043775482,52.5007143907111
Q95,90000,150000,-9.62385212125344,52.5905404351253
Q96,90000,160000,-9.62718136700132,52.6803649610419
Q97,90000,170000,-9.6305282995023,52.7701879686081
R00,1e+05,1e+05,-9.46145369387806,52.1432945645826
R01,1e+05,110000,-9.46440200266567,52.2331328057549
R02,1e+05,120000,-9.46736583920988,52.3229695525311
R03,1e+05,130000,-9.47034531247501,52.4128048052258
R04,1e+05,140000,-9.47334053247387,52.502638564159
R05,1e+05,150000,-9.47635161028035,52.592470829656
R06,1e+05,160000,-9.47937865804213,52.6823016020468
R07,1e+05,170000,-9.48242178899358,52.7721308816666
R08,1e+05,180000,-9.48548111746881,52.8619586688554
R09,1e+05,190000,-9.48855675891498,52.9517849639577
R10,110000,1e+05,-9.31542509041242,52.1450133743775
R11,110000,110000,-9.31807894420208,52.2348571550326
R12,110000,120000,-9.3207467764297,52.32469946361
R13,110000,130000,-9.3234286852018,52.4145403005879
R14,110000,140000,-9.32612476956913,52.5043796664516
R15,110000,150000,-9.32883512953794,52.5942175616931
R16,110000,160000,-9.33155986608144,52.6840539868108
R17,110000,170000,-9.33429908115144,52.7738889423099
R18,110000,180000,-9.33705287769009,52.863722428702
R19,110000,190000,-9.33982135964187,52.953554446505
R20,120000,1e+05,-9.16938260584098,52.1465514128647
R21,120000,110000,-9.17174190746109,52.2364001508568
R22,120000,120000,-9.17411363726743,52.3262474367475
R23,120000,130000,-9.17649788249765,52.4160932711614
R24,120000,140000,-9.1788947312291,52.5059376547318
R25,120000,150000,-9.18130427238894,52.5957805881
R26,120000,160000,-9.18372659576433,52.6856220719153
R27,120000,170000,-9.18616179201269,52.7754621068349
R28,120000,180000,-9.18860995267229,52.8653006935241
R29,120000,190000,-9.19107117017279,52.9551378326558
R30,130000,1e+05,-9.02332777963294,52.1479086426661
R31,130000,110000,-9.02539244267733,52.2377617556079
R32,130000,120000,-9.02746798282643,52.3276134340801
R33,130000,130000,-9.02955447643905,52.4174636788371
R34,130000,140000,-9.03165200060915,52.5073124906426
R35,130000,150000,-9.0337606331746,52.5971598702696
R36,130000,160000,-9.03588045272615,52.6870058185005
R37,130000,170000,-9.03801153861641,52.776850336127
R38,130000,180000,-9.04015397096906,52.8666934239499
R39,130000,190000,-9.04230783068819,52.9565350827792
R40,140000,1e+05,-8.87726215207752,52.1490850307918
R41,140000,110000,-8.87903210091526,52.2389419360828
R42,140000,120000,-8.88081137504971,52.3287974221901
R43,140000,130000,-8.88260003995223,52.4186514899802
R44,140000,140000,-8.88439816172458,52.50850414033
R45,140000,150000,-8.88620580710641,52.598355374127
R46,140000,160000,-8.88802304348303,52.6882051922689
R47,140000,170000,-8.88984993889302,52.7780535956638
R48,140000,180000,-8.89168656203623,52.8679005852302
R49,140000,190000,-8.89353298228168,52.9577461618968
R50,150000,1e+05,-8.73118726418183,52.1500805486433
R51,150000,110000,-8.73266243396573,52.2399406634981
R52,150000,120000,-8.73414537661542,52.3297993721075
R53,150000,130000,-8.73563614670734,52.4196566754327
R54,150000,140000,-8.7371347993435,52.5095125744465
R55,150000,150000,-8.73864139015774,52.5993670701331
R56,150000,160000,-8.7401559753221,52.6892201634879
R57,150000,170000,-8.74167861155333,52.7790718555178
R58,150000,180000,-8.7432093561194,52.8689221472407
R59,150000,190000,-8.74474826684619,52.9587710396859
R60,160000,1e+05,-8.58510465756857,52.1508951720152
R61,160000,110000,-8.58628499424254,52.2407579134923
R62,160000,120000,-8.58747155083201,52.3306192593128
R63,160000,130000,-8.58866437101237,52.4204792105158
R64,160000,140000,-8.58986349887957,52.5103377681526
R65,160000,150000,-8.59106897895522,52.6001949332864
R66,160000,160000,-8.5922808561917,52.6900507069928
R67,160000,170000,-8.59349917597729,52.7799050903591
R68,160000,180000,-8.59472398414145,52.8697580844849
R69,160000,190000,-8.59595532696016,52.9596096904818
R70,170000,1e+05,-8.43901587437366,52.1515288810978
R71,170000,110000,-8.43990133467878,52.2413936661275
R72,170000,120000,-8.44079146153351,52.3312570637392
R73,170000,130000,-8.44168628770716,52.4211190750325
R74,170000,140000,-8.44258584628462,52.5109797011196
R75,170000,150000,-8.44349017067019,52.6008389431256
R76,170000,160000,-8.44439929459135,52.6906968021881
R77,170000,170000,-8.4453132521027,52.7805532794573
R78,170000,180000,-8.44623207758987,52.8704083760962
R79,170000,190000,-8.44715580577352,52.9602620932803
R80,180000,1e+05,-8.29292245714375,52.1519816604784
R81,180000,110000,-8.2935130086232,52.2418479058915
R82,180000,120000,-8.29410667297449,52.3317127697738
R83,180000,130000,-8.29470347205715,52.4215762532684
R84,180000,140000,-8.29530342794122,52.5114383575311
R85,180000,150000,-8.29590656290984,52.6012990837309
R86,180000,160000,-8.29651289946175,52.6911584330499
R87,180000,170000,-8.2971224603139,52.7810164066833
R88,180000,180000,-8.29773526840407,52.8708730058393
R89,180000,190000,-8.29835134689357,52.9607282317393
R90,190000,1e+05,-8.14682594873367,52.1522534991428
R91,190000,110000,-8.1471215697364,52.2421206216986
R92,190000,120000,-8.14741874972513,52.3319863662594
R93,190000,130000,-8.14771749964713,52.4218507339938
R94,190000,140000,-8.14801783055511,52.511713726084
R95,190000,150000,-8.14831975360846,52.6015753437255
R96,190000,160000,-8.1486232800746,52.6914355881271
R97,190000,170000,-8.14892842133019,52.7812944605109
R98,190000,180000,-8.14923518886251,52.8711519621124
R99,190000,190000,-8.1495435942708,52.9610080941802
S00,2e+05,1e+05,-8.00072789220388,52.1523443904757
S01,2e+05,110000,-8.00072857188701,52.2422118068911
S02,2e+05,120000,-8.00072925656612,52.3320778464947
S03,2e+05,130000,-8.00072994627498,52.4219425104641
S04,2e+05,140000,-8.00073064104765,52.51180579999
S05,2e+05,150000,-8.00073134091856,52.6016677162768
S06,2e+05,160000,-8.00073204592244,52.6915282605422
S07,2e+05,170000,-8.0007327560944,52.7813874340175
S08,2e+05,180000,-8.00073347146988,52.8712452379471
S09,2e+05,190000,-8.00073419208465,52.961101673589
S10,210000,1e+05,-7.85462983071777,52.1522543322618
S11,210000,110000,-7.85433556904787,52.2421214592392
S12,210000,120000,-7.85403975838361,52.3319872082359
S13,210000,130000,-7.85374238784523,52.4218515804205
S14,210000,140000,-7.85344344644817,52.5117145769755
S15,210000,150000,-7.85314292310187,52.6015761990964
S16,210000,160000,-7.85284080660841,52.691436447992
S17,210000,170000,-7.85253708566129,52.7812953248847
S18,210000,180000,-7.85223174884412,52.87115283101
S19,210000,190000,-7.85192478462923,52.9610089676168
S20,220000,1e+05,-7.70853330743907,52.1519833266858
S21,220000,110000,-7.70794411519214,52.2418495809418
S22,220000,120000,-7.70735182006406,52.3317144536957
S23,220000,130000,-7.70675640026276,52.4215779460906
S24,220000,140000,-7.70615783378636,52.5114400592825
S25,220000,150000,-7.70555609842051,52.6013007944408
S26,220000,160000,-7.70495117173597,52.6911601527478
S27,220000,170000,-7.70434303108596,52.7810181353988
S28,220000,180000,-7.70373165360355,52.8708747436023
S29,220000,190000,-7.703117016199,52.9607299785798
S30,230000,1e+05,-7.56243986542918,52.1515313803319
S31,230000,110000,-7.56155576418945,52.2413961786256
S32,230000,120000,-7.56066700638915,52.3312595895442
S33,230000,130000,-7.55977355932644,52.4211216141874
S34,230000,140000,-7.55887538998456,52.510982253668
S35,230000,150000,-7.55797246502799,52.6008415091112
S36,230000,160000,-7.55706475079871,52.690699381655
S37,230000,170000,-7.55615221331229,52.7805558724501
S38,230000,180000,-7.55523481825392,52.8704109826597
S39,230000,190000,-7.55431253097448,52.9602647134597
S40,240000,1e+05,-7.41635104754456,52.1508985041838
S41,240000,110000,-7.41517206970201,52.2407612633454
S42,240000,120000,-7.41398688193071,52.3306226269075
S43,240000,130000,-7.41279544062274,52.4204825959095
S44,240000,140000,-7.41159770175022,52.5103411714032
S45,240000,150000,-7.4103936208603,52.6001983544525
S46,240000,160000,-7.40918315307006,52.690054146133
S47,240000,170000,-7.40796625306134,52.7799085475329
S48,240000,180000,-7.40674287507546,52.869761559752
S49,240000,190000,-7.40551297290796,52.9596131839024
S50,250000,1e+05,-7.27026839633412,52.1500847136235
S51,250000,110000,-7.26879458508085,52.2399448505825
S52,250000,120000,-7.26731301094563,52.3298035813673
S53,250000,130000,-7.26582361941942,52.4196609069398
S54,250000,140000,-7.26432635546826,52.5095168282733
S55,250000,150000,-7.26282116352705,52.5993713463527
S56,250000,160000,-7.26130798749314,52.6892244621738
S57,250000,170000,-7.25978677071987,52.779076176744
S58,250000,180000,-7.25825745601004,52.868926491082
S59,250000,190000,-7.25671998560924,52.9587754062175
S60,260000,1e+05,-7.12419345393664,52.14909002843
S61,260000,110000,-7.12242486326199,52.2389469602438
S62,260000,120000,-7.12064695727089,52.3288024729594
S63,260000,130000,-7.11885967055932,52.4186565674441
S64,260000,140000,-7.11706293709357,52.5085092445755
S65,260000,150000,-7.11525669020263,52.5983605052415
S66,260000,160000,-7.11344086257058,52.6882103503406
S67,260000,170000,-7.11161538622886,52.7780587807817
S68,260000,180000,-7.10978019254836,52.867905797484
S69,260000,190000,-7.10793521223147,52.9577514013767
S70,270000,1e+05,-6.9781277619784,52.1479144727778
S71,270000,110000,-6.97606445666282,52.2377676166599
S72,270000,120000,-6.97399028421856,52.3276193261723
S73,270000,130000,-6.97190516835412,52.41746960207
S74,270000,140000,-6.96980903204349,52.5073184451174
S75,270000,150000,-6.96770179751743,52.5971658560886
S76,270000,160000,-6.9655833862545,52.6870118357666
S77,270000,170000,-6.96345371897209,52.776856384944
S78,270000,180000,-6.96131271561717,52.8666995044222
S79,270000,190000,-6.95916029535703,52.9565411950122
S80,280000,1e+05,-6.83207286147066,52.1465580752348
S81,280000,110000,-6.82971491707842,52.2364068485834
S82,280000,120000,-6.82734455447108,52.3262541699445
S83,280000,130000,-6.82496168647827,52.4161000399439
S84,280000,140000,-6.82256622509052,52.5059444592156
S85,280000,150000,-6.82015808144925,52.5957874284017
S86,280000,160000,-6.81773716583655,52.6856289481524
S87,280000,170000,-6.81530338766491,52.775469019126
S88,280000,180000,-6.81285665546669,52.8653076419886
S89,280000,190000,-6.81039687688352,52.9551448174142
S90,290000,1e+05,-6.68603029270748,52.1450208687602
S91,290000,110000,-6.68337779557812,52.2348646891865
S92,290000,120000,-6.68071132997641,52.3247070376632
S93,290000,130000,-6.67803079786302,52.4145479146697
S94,290000,140000,-6.67533610025503,52.5043873206922
S95,290000,150000,-6.67262713721471,52.5942252562237
S96,290000,160000,-6.66990380783802,52.6840617217637
S97,290000,170000,-6.667166010243,52.7738967178184
S98,290000,180000,-6.66441364155804,52.8637302449003
S99,290000,190000,-6.66164659790989,52.9535623035285
T00,3e+05,1e+05,-6.54000159516352,52.1433028907016
T01,3e+05,110000,-6.53705464240209,52.2331411760579
T02,3e+05,120000,-6.53409217184348,52.3229779671604
T03,3e+05,130000,-6.53111407459051,52.4128132643251
T04,3e+05,140000,-6.52812024069813,52.5026470678729
T05,3e+05,150000,-6.52511055916086,52.5924793781302
T06,3e+05,160000,-6.52208491790013,52.6823101954283
T07,3e+05,170000,-6.51904320375136,52.7721395201034
T08,3e+05,180000,-6.51598530245088,52.8619673524965
T09,3e+05,190000,-6.51291109862268,52.9517936929536
T10,310000,1e+05,-6.39398830739198,52.141404182792
T11,310000,110000,-6.39074700685808,52.2312363512001
T12,310000,120000,-6.38748864023769,52.3210670007107
T13,310000,130000,-6.38421308778811,52.4108961314589
T14,310000,140000,-6.38092022861467,52.5007237435834
T15,310000,150000,-6.37760994065688,52.5905498372263
T16,310000,160000,-6.37428210067451,52.680374412533
T17,310000,170000,-6.37093658423342,52.7701974696522
T18,310000,180000,-6.36757326569118,52.8600190087354
T19,310000,190000,-6.36419201818247,52.9498390299372
T24,320000,140000,-6.23373764512648,52.4986173951457
T25,320000,150000,-6.23012687398603,52.5884366811425
T26,320000,160000,-6.22649695971376,52.6782544210199
T27,320000,170000,-6.22284776662036,52.7680706147211
T28,320000,180000,-6.21917915769918,52.8578852621903
T29,320000,190000,-6.21549099461041,52.9476983633727
T38,330000,180000,-6.07080460365753,52.8555661660456
T39,330000,190000,-6.06680966467508,52.9453717467945
V26,20000,60000,-10.6080766877727,51.7639326871692
V29,20000,90000,-10.6237269367988,52.0332674883139
V36,30000,60000,-10.4633724179834,51.7670554616518
V37,30000,70000,-10.468274747168,51.8568455035519
V39,30000,90000,-10.4781564351778,52.0364204535893
V44,40000,40000,-10.3094845859886,51.5903962083733
V45,40000,50000,-10.3140517518414,51.6801990475334
V46,40000,60000,-10.318642707147,51.7700002153682
V47,40000,70000,-10.3232576160967,51.8597997108911
V48,40000,80000,-10.3278966444381,51.94959753311
V49,40000,90000,-10.3325599594932,52.0393936810263
V54,50000,40000,-10.1653016361866,51.5931452094667
V55,50000,50000,-10.1695841843652,51.6829568619111
V56,50000,60000,-10.1738890429301,51.7727668777975
V57,50000,70000,-10.1782163659004,51.8625752563911
V58,50000,80000,-10.1825663087556,51.9523819969532
V59,50000,90000,-10.1869390284524,52.0421870987414
V64,60000,40000,-10.0210965288163,51.5957171882394
V65,60000,50000,-10.0250943067476,51.6855370874595
V66,60000,60000,-10.0291129145555,51.7753553826637
V67,60000,70000,-10.0331524960699,51.8651720733524
V68,60000,80000,-10.0372131964848,51.9549871590245
V69,60000,90000,-10.0412951623746,52.0448006391774
V72,70000,20000,-9.8695025196729,51.4184522052689
V73,70000,30000,-9.87317708471923,51.508282930928
V74,70000,40000,-9.87687073427785,51.5981120834476
V75,70000,50000,-9.88058359948271,51.6879396625456
V76,70000,60000,-9.88431581270611,51.7777656679407
V77,70000,70000,-9.88806750757316,51.8675900993527
V78,70000,80000,-9.89183881897654,51.9574129565018
V79,70000,90000,-9.89562988309139,52.0472342391089
V82,80000,20000,-9.72582319096159,51.4206558180752
V83,80000,30000,-9.72921564685527,51.5104936007917
V84,80000,40000,-9.73262572430419,51.6003298380489
V85,80000,50000,-9.73605354441268,51.6901645297641
V86,80000,60000,-9.73949922942894,51.7799976758574
V87,80000,70000,-9.74296290275846,51.8698292762517
V88,80000,80000,-9.74644468897759,51.9596593308724
V89,80000,90000,-9.74994471384736,52.0494878396474
V92,90000,20000,-9.58212636085975,51.4226833659905
V93,90000,30000,-9.58523658762927,51.51252764259
V94,90000,40000,-9.58836297186635,51.6023703992071
V95,90000,50000,-9.59150562463249,51.6922116359427
V96,90000,60000,-9.59466465803839,51.7820513529023
V97,90000,70000,-9.5978401852563,51.8718895501959
V98,90000,80000,-9.60103232053248,51.9617262279377
V99,90000,90000,-9.60424117919984,52.0515613862462
W02,1e+05,20000,-9.43841348349045,51.4245348009996
W03,1e+05,30000,-9.44124137111342,51.5143850080036
W04,1e+05,40000,-9.4440839510792,51.6042337182961
W05,1e+05,50000,-9.44694132439431,51.6940809321459
W06,1e+05,60000,-9.44981359301967,51.7839266498279
W07,1e+05,70000,-9.45270085988182,51.8737708716229
W08,1e+05,80000,-9.45560322888426,51.9636135978177
W09,1e+05,90000,-9.45852080491896,52.0534548287048
W12,110000,20000,-9.29468601400188,51.4262100792484
W13,110000,30000,-9.29723146241698,51.5160656529005
W14,110000,40000,-9.29979013710678,51.6059197509039
W15,110000,50000,-9.30236212901179,51.6957723736791
W16,110000,60000,-9.30494752993195,51.7856235216543
W17,110000,70000,-9.30754643253674,51.8754731952652
W18,110000,80000,-9.31015893037541,51.9653213949547
W19,110000,90000,-9.3127851178873,52.055168121173
W23,120000,30000,-9.15320832759254,51.5175695373403
W24,120000,40000,-9.15548300606752,51.6074284568362
W25,120000,50000,-9.15776952476416,51.6972859200921
W26,120000,60000,-9.16006796531133,51.7871419276734
W27,120000,70000,-9.16237841011125,51.8769964801543
W28,120000,80000,-9.16470094234851,51.9668495781175
W29,120000,90000,-9.16703564599935,52.0567012221543
W33,130000,30000,-9.00917343354215,51.5188966255763
W34,130000,40000,-9.01116403493923,51.6087598001195
W35,130000,50000,-9.0131649988001,51.6986215351824
W36,130000,60000,-9.0151763965736,51.7884818314516
W37,130000,70000,-9.01719830038556,51.8783406896235
W38,130000,80000,-9.01923078304674,51.9681981104043
W39,130000,90000,-9.02127391806089,52.05805409451
W43,140000,30000,-8.86512824792334,51.5200468860593
W44,140000,40000,-8.86683470146406,51.6099137490041
W45,140000,50000,-8.86855003904158,51.6997791869981
W46,140000,60000,-8.8702743219169,51.789643200833
W47,140000,70000,-8.8720076119315,51.8795057913112
W48,140000,80000,-8.8737499715142,51.969366959246
W49,140000,90000,-8.87550146368809,52.0592267054613
W53,150000,30000,-8.72107423905496,51.5210202914393
W54,150000,40000,-8.72249648405319,51.6108902759662
W55,150000,50000,-8.72392613408751,51.7007588478402
W56,150000,60000,-8.72536324022428,51.7906260079419
W57,150000,70000,-8.72680785401384,51.8804917571634
W58,150000,80000,-8.72826002749615,51.9703560964086
W59,150000,90000,-8.72971981320659,52.0602190265929
W64,160000,40000,-8.57815086169159,51.6116893577109
W65,160000,50000,-8.57929477311725,51.7015604942653
W66,160000,60000,-8.5804446509661,51.7914302291851
W67,160000,70000,-8.5816005364916,51.8812985634358
W68,160000,80000,-8.58276247133909,51.9711654979955
W69,160000,90000,-8.5839304975504,52.0610310338545
W74,170000,40000,-8.4337993138425,51.612310975173
W75,170000,50000,-8.4346574457941,51.702184107087
W76,170000,60000,-8.4355200541023,51.7920558452538
W77,170000,70000,-8.43638716971916,51.8819261906961
W78,170000,80000,-8.43725882389077,51.9717951444498
W79,170000,90000,-8.43813504816073,52.0616627075632
W86,180000,60000,-8.2905909499847,51.792502841125
W87,180000,70000,-8.2911692644474,51.8823746238252
W88,180000,80000,-8.2917506064001,51.9722450205552
W89,180000,90000,-8.29233499688467,52.0621140324052
W96,190000,60000,-8.14565883925914,51.7927712060629
W97,190000,70000,-8.14594833172467,51.8826438520185
W98,190000,80000,-8.14623934041701,51.972515115438
W99,190000,90000,-8.14653187587391,52.0623849974366
X06,2e+05,60000,-8.0007252227676,51.7928609336198
X07,2e+05,70000,-8.0007258827978,51.8827338687869
X08,2e+05,80000,-8.00072654769222,51.9726054225673
X09,2e+05,90000,-8.00072721748332,52.0624755960846
X17,210000,70000,-7.855503429013,51.8826446719573
X18,210000,80000,-7.85521375007701,51.9725159397562
X19,210000,90000,-7.85492255416952,52.0623858261482
X27,220000,70000,-7.71028248171678,51.8823762636726
X28,220000,80000,-7.709702469423,51.9722466691613
X29,220000,90000,-7.70911941838946,52.0621156897979
X38,230000,80000,-7.56419422748183,51.971797617283
X39,230000,90000,-7.56331934249897,52.0616651935758
X49,240000,90000,-7.4175238586513,52.0610343483954
X59,250000,90000,-7.2717344986958,52.0602231695399
X69,260000,90000,-7.12595279407653,52.0592316766617
X79,270000,90000,-6.98018027573099,52.0580598937804
X99,290000,90000,-6.68866891847138,52.055175575912
